plate,transfer,rep,p,n,f
1,0,1,U,20,0.2127659574468085
1,0,1,S,49,0.5212765957446809
1,0,1,A,10,0.10638297872340426
1,0,1,B,10,0.10638297872340426
1,0,1,A/B,0,0
1,0,1,AB,5,0.05319148936170213
1,0,1,E,0,0
1,0,2,U,20,0.2127659574468085
1,0,2,S,49,0.5212765957446809
1,0,2,A,10,0.10638297872340426
1,0,2,B,10,0.10638297872340426
1,0,2,A/B,0,0
1,0,2,AB,5,0.05319148936170213
1,0,2,E,0,0
1,0,3,U,20,0.2127659574468085
1,0,3,S,49,0.5212765957446809
1,0,3,A,0,0
1,0,3,B,5,0.05319148936170213
1,0,3,A/B,5,0.05319148936170213
1,0,3,AB,15,0.1595744680851064
1,0,3,E,0,0
1,0,4,U,20,0.2127659574468085
1,0,4,S,49,0.5212765957446809
1,0,4,A,10,0.10638297872340426
1,0,4,B,10,0.10638297872340426
1,0,4,A/B,0,0
1,0,4,AB,5,0.05319148936170213
1,0,4,E,0,0
1,1,1,U,12,0.1276595744680851
1,1,1,S,48,0.5106382978723404
1,1,1,A,16,0.1702127659574468
1,1,1,B,9,0.09574468085106383
1,1,1,A/B,2,0.02127659574468085
1,1,1,AB,7,0.07446808510638298
1,1,1,E,0,0
1,1,2,U,12,0.1276595744680851
1,1,2,S,36,0.3829787234042553
1,1,2,A,27,0.2872340425531915
1,1,2,B,11,0.11702127659574468
1,1,2,A/B,1,0.010638297872340425
1,1,2,AB,7,0.07446808510638298
1,1,2,E,0,0
1,1,3,U,12,0.1276595744680851
1,1,3,S,48,0.5106382978723404
1,1,3,A,1,0.010638297872340425
1,1,3,B,5,0.05319148936170213
1,1,3,A/B,7,0.07446808510638298
1,1,3,AB,21,0.22340425531914893
1,1,3,E,0,0
1,1,4,U,12,0.1276595744680851
1,1,4,S,48,0.5106382978723404
1,1,4,A,16,0.1702127659574468
1,1,4,B,11,0.11702127659574468
1,1,4,A/B,0,0
1,1,4,AB,7,0.07446808510638298
1,1,4,E,0,0
1,2,1,U,12,0.1276595744680851
1,2,1,S,48,0.5106382978723404
1,2,1,A,19,0.20212765957446807
1,2,1,B,7,0.07446808510638298
1,2,1,A/B,2,0.02127659574468085
1,2,1,AB,6,0.06382978723404255
1,2,1,E,0,0
1,2,2,U,12,0.1276595744680851
1,2,2,S,46,0.48936170212765956
1,2,2,A,20,0.2127659574468085
1,2,2,B,8,0.0851063829787234
1,2,2,A/B,2,0.02127659574468085
1,2,2,AB,6,0.06382978723404255
1,2,2,E,0,0
1,2,3,U,12,0.1276595744680851
1,2,3,S,49,0.5212765957446809
1,2,3,A,4,0.0425531914893617
1,2,3,B,6,0.06382978723404255
1,2,3,A/B,3,0.031914893617021274
1,2,3,AB,20,0.2127659574468085
1,2,3,E,0,0
1,2,4,U,12,0.1276595744680851
1,2,4,S,49,0.5212765957446809
1,2,4,A,16,0.1702127659574468
1,2,4,B,8,0.0851063829787234
1,2,4,A/B,2,0.02127659574468085
1,2,4,AB,7,0.07446808510638298
1,2,4,E,0,0
1,3,1,U,10,0.10638297872340426
1,3,1,S,41,0.43617021276595747
1,3,1,A,19,0.20212765957446807
1,3,1,B,8,0.0851063829787234
1,3,1,A/B,7,0.07446808510638298
1,3,1,AB,9,0.09574468085106383
1,3,1,E,0,0
1,3,2,U,10,0.10638297872340426
1,3,2,S,39,0.4148936170212766
1,3,2,A,22,0.23404255319148937
1,3,2,B,10,0.10638297872340426
1,3,2,A/B,5,0.05319148936170213
1,3,2,AB,8,0.0851063829787234
1,3,2,E,0,0
1,3,3,U,10,0.10638297872340426
1,3,3,S,41,0.43617021276595747
1,3,3,A,11,0.11702127659574468
1,3,3,B,9,0.09574468085106383
1,3,3,A/B,3,0.031914893617021274
1,3,3,AB,20,0.2127659574468085
1,3,3,E,0,0
1,3,4,U,10,0.10638297872340426
1,3,4,S,43,0.4574468085106383
1,3,4,A,21,0.22340425531914893
1,3,4,B,6,0.06382978723404255
1,3,4,A/B,6,0.06382978723404255
1,3,4,AB,8,0.0851063829787234
1,3,4,E,0,0
1,4,1,U,12,0.1276595744680851
1,4,1,S,38,0.40425531914893614
1,4,1,A,15,0.1595744680851064
1,4,1,B,9,0.09574468085106383
1,4,1,A/B,7,0.07446808510638298
1,4,1,AB,13,0.13829787234042554
1,4,1,E,0,0
1,4,2,U,12,0.1276595744680851
1,4,2,S,36,0.3829787234042553
1,4,2,A,19,0.20212765957446807
1,4,2,B,12,0.1276595744680851
1,4,2,A/B,5,0.05319148936170213
1,4,2,AB,10,0.10638297872340426
1,4,2,E,0,0
1,4,3,U,12,0.1276595744680851
1,4,3,S,37,0.39361702127659576
1,4,3,A,11,0.11702127659574468
1,4,3,B,10,0.10638297872340426
1,4,3,A/B,7,0.07446808510638298
1,4,3,AB,17,0.18085106382978725
1,4,3,E,0,0
1,4,4,U,12,0.1276595744680851
1,4,4,S,40,0.425531914893617
1,4,4,A,16,0.1702127659574468
1,4,4,B,9,0.09574468085106383
1,4,4,A/B,6,0.06382978723404255
1,4,4,AB,11,0.11702127659574468
1,4,4,E,0,0
1,5,1,U,6,0.06382978723404255
1,5,1,S,35,0.3723404255319149
1,5,1,A,18,0.19148936170212766
1,5,1,B,11,0.11702127659574468
1,5,1,A/B,9,0.09574468085106383
1,5,1,AB,15,0.1595744680851064
1,5,1,E,0,0
1,5,2,U,6,0.06382978723404255
1,5,2,S,34,0.3617021276595745
1,5,2,A,21,0.22340425531914893
1,5,2,B,13,0.13829787234042554
1,5,2,A/B,7,0.07446808510638298
1,5,2,AB,13,0.13829787234042554
1,5,2,E,0,0
1,5,3,U,6,0.06382978723404255
1,5,3,S,37,0.39361702127659576
1,5,3,A,13,0.13829787234042554
1,5,3,B,11,0.11702127659574468
1,5,3,A/B,7,0.07446808510638298
1,5,3,AB,20,0.2127659574468085
1,5,3,E,0,0
1,5,4,U,6,0.06382978723404255
1,5,4,S,32,0.3404255319148936
1,5,4,A,23,0.24468085106382978
1,5,4,B,12,0.1276595744680851
1,5,4,A/B,8,0.0851063829787234
1,5,4,AB,13,0.13829787234042554
1,5,4,E,0,0
1,6,1,U,8,0.0851063829787234
1,6,1,S,35,0.3723404255319149
1,6,1,A,17,0.18085106382978725
1,6,1,B,11,0.11702127659574468
1,6,1,A/B,13,0.13829787234042554
1,6,1,AB,10,0.10638297872340426
1,6,1,E,0,0
1,6,2,U,8,0.0851063829787234
1,6,2,S,31,0.32978723404255317
1,6,2,A,21,0.22340425531914893
1,6,2,B,10,0.10638297872340426
1,6,2,A/B,16,0.1702127659574468
1,6,2,AB,8,0.0851063829787234
1,6,2,E,0,0
1,6,3,U,8,0.0851063829787234
1,6,3,S,34,0.3617021276595745
1,6,3,A,12,0.1276595744680851
1,6,3,B,9,0.09574468085106383
1,6,3,A/B,10,0.10638297872340426
1,6,3,AB,21,0.22340425531914893
1,6,3,E,0,0
1,6,4,U,8,0.0851063829787234
1,6,4,S,34,0.3617021276595745
1,6,4,A,19,0.20212765957446807
1,6,4,B,11,0.11702127659574468
1,6,4,A/B,13,0.13829787234042554
1,6,4,AB,9,0.09574468085106383
1,6,4,E,0,0
1,7,1,U,5,0.05319148936170213
1,7,1,S,25,0.26595744680851063
1,7,1,A,20,0.2127659574468085
1,7,1,B,15,0.1595744680851064
1,7,1,A/B,15,0.1595744680851064
1,7,1,AB,14,0.14893617021276595
1,7,1,E,0,0
1,7,2,U,5,0.05319148936170213
1,7,2,S,24,0.2553191489361702
1,7,2,A,20,0.2127659574468085
1,7,2,B,15,0.1595744680851064
1,7,2,A/B,17,0.18085106382978725
1,7,2,AB,13,0.13829787234042554
1,7,2,E,0,0
1,7,3,U,5,0.05319148936170213
1,7,3,S,28,0.2978723404255319
1,7,3,A,10,0.10638297872340426
1,7,3,B,11,0.11702127659574468
1,7,3,A/B,16,0.1702127659574468
1,7,3,AB,24,0.2553191489361702
1,7,3,E,0,0
1,7,4,U,5,0.05319148936170213
1,7,4,S,21,0.22340425531914893
1,7,4,A,23,0.24468085106382978
1,7,4,B,17,0.18085106382978725
1,7,4,A/B,15,0.1595744680851064
1,7,4,AB,13,0.13829787234042554
1,7,4,E,0,0
1,8,1,U,6,0.06382978723404255
1,8,1,S,30,0.3191489361702128
1,8,1,A,17,0.18085106382978725
1,8,1,B,11,0.11702127659574468
1,8,1,A/B,18,0.19148936170212766
1,8,1,AB,12,0.1276595744680851
1,8,1,E,0,0
1,8,2,U,6,0.06382978723404255
1,8,2,S,31,0.32978723404255317
1,8,2,A,17,0.18085106382978725
1,8,2,B,12,0.1276595744680851
1,8,2,A/B,16,0.1702127659574468
1,8,2,AB,12,0.1276595744680851
1,8,2,E,0,0
1,8,3,U,6,0.06382978723404255
1,8,3,S,28,0.2978723404255319
1,8,3,A,14,0.14893617021276595
1,8,3,B,10,0.10638297872340426
1,8,3,A/B,20,0.2127659574468085
1,8,3,AB,16,0.1702127659574468
1,8,3,E,0,0
1,8,4,U,6,0.06382978723404255
1,8,4,S,30,0.3191489361702128
1,8,4,A,17,0.18085106382978725
1,8,4,B,11,0.11702127659574468
1,8,4,A/B,18,0.19148936170212766
1,8,4,AB,12,0.1276595744680851
1,8,4,E,0,0
1,9,1,U,5,0.05319148936170213
1,9,1,S,31,0.32978723404255317
1,9,1,A,10,0.10638297872340426
1,9,1,B,11,0.11702127659574468
1,9,1,A/B,19,0.20212765957446807
1,9,1,AB,18,0.19148936170212766
1,9,1,E,0,0
1,9,2,U,5,0.05319148936170213
1,9,2,S,28,0.2978723404255319
1,9,2,A,16,0.1702127659574468
1,9,2,B,11,0.11702127659574468
1,9,2,A/B,17,0.18085106382978725
1,9,2,AB,17,0.18085106382978725
1,9,2,E,0,0
1,9,3,U,5,0.05319148936170213
1,9,3,S,30,0.3191489361702128
1,9,3,A,8,0.0851063829787234
1,9,3,B,9,0.09574468085106383
1,9,3,A/B,19,0.20212765957446807
1,9,3,AB,23,0.24468085106382978
1,9,3,E,0,0
1,9,4,U,5,0.05319148936170213
1,9,4,S,28,0.2978723404255319
1,9,4,A,14,0.14893617021276595
1,9,4,B,12,0.1276595744680851
1,9,4,A/B,19,0.20212765957446807
1,9,4,AB,16,0.1702127659574468
1,9,4,E,0,0
1,10,1,U,6,0.06382978723404255
1,10,1,S,29,0.30851063829787234
1,10,1,A,14,0.14893617021276595
1,10,1,B,12,0.1276595744680851
1,10,1,A/B,23,0.24468085106382978
1,10,1,AB,10,0.10638297872340426
1,10,1,E,0,0
1,10,2,U,5,0.05319148936170213
1,10,2,S,27,0.2872340425531915
1,10,2,A,13,0.13829787234042554
1,10,2,B,18,0.19148936170212766
1,10,2,A/B,22,0.23404255319148937
1,10,2,AB,9,0.09574468085106383
1,10,2,E,0,0
1,10,3,U,5,0.05319148936170213
1,10,3,S,25,0.26595744680851063
1,10,3,A,8,0.0851063829787234
1,10,3,B,15,0.1595744680851064
1,10,3,A/B,23,0.24468085106382978
1,10,3,AB,18,0.19148936170212766
1,10,3,E,0,0
1,10,4,U,5,0.05319148936170213
1,10,4,S,28,0.2978723404255319
1,10,4,A,14,0.14893617021276595
1,10,4,B,16,0.1702127659574468
1,10,4,A/B,19,0.20212765957446807
1,10,4,AB,12,0.1276595744680851
1,10,4,E,0,0
1,11,1,U,6,0.06382978723404255
1,11,1,S,25,0.26595744680851063
1,11,1,A,16,0.1702127659574468
1,11,1,B,14,0.14893617021276595
1,11,1,A/B,14,0.14893617021276595
1,11,1,AB,19,0.20212765957446807
1,11,1,E,0,0
1,11,2,U,5,0.05319148936170213
1,11,2,S,25,0.26595744680851063
1,11,2,A,16,0.1702127659574468
1,11,2,B,17,0.18085106382978725
1,11,2,A/B,14,0.14893617021276595
1,11,2,AB,17,0.18085106382978725
1,11,2,E,0,0
1,11,3,U,5,0.05319148936170213
1,11,3,S,22,0.23404255319148937
1,11,3,A,10,0.10638297872340426
1,11,3,B,14,0.14893617021276595
1,11,3,A/B,17,0.18085106382978725
1,11,3,AB,26,0.2765957446808511
1,11,3,E,0,0
1,11,4,U,5,0.05319148936170213
1,11,4,S,23,0.24468085106382978
1,11,4,A,17,0.18085106382978725
1,11,4,B,14,0.14893617021276595
1,11,4,A/B,20,0.2127659574468085
1,11,4,AB,15,0.1595744680851064
1,11,4,E,0,0
1,12,1,U,6,0.06382978723404255
1,12,1,S,19,0.20212765957446807
1,12,1,A,20,0.2127659574468085
1,12,1,B,15,0.1595744680851064
1,12,1,A/B,15,0.1595744680851064
1,12,1,AB,19,0.20212765957446807
1,12,1,E,0,0
1,12,2,U,5,0.05319148936170213
1,12,2,S,21,0.22340425531914893
1,12,2,A,17,0.18085106382978725
1,12,2,B,21,0.22340425531914893
1,12,2,A/B,13,0.13829787234042554
1,12,2,AB,17,0.18085106382978725
1,12,2,E,0,0
1,12,3,U,5,0.05319148936170213
1,12,3,S,13,0.13829787234042554
1,12,3,A,15,0.1595744680851064
1,12,3,B,15,0.1595744680851064
1,12,3,A/B,18,0.19148936170212766
1,12,3,AB,28,0.2978723404255319
1,12,3,E,0,0
1,12,4,U,5,0.05319148936170213
1,12,4,S,22,0.23404255319148937
1,12,4,A,16,0.1702127659574468
1,12,4,B,18,0.19148936170212766
1,12,4,A/B,14,0.14893617021276595
1,12,4,AB,19,0.20212765957446807
1,12,4,E,0,0
1,13,1,U,8,0.0851063829787234
1,13,1,S,18,0.19148936170212766
1,13,1,A,13,0.13829787234042554
1,13,1,B,17,0.18085106382978725
1,13,1,A/B,18,0.19148936170212766
1,13,1,AB,20,0.2127659574468085
1,13,1,E,0,0
1,13,2,U,7,0.07446808510638298
1,13,2,S,18,0.19148936170212766
1,13,2,A,13,0.13829787234042554
1,13,2,B,20,0.2127659574468085
1,13,2,A/B,13,0.13829787234042554
1,13,2,AB,23,0.24468085106382978
1,13,2,E,0,0
1,13,3,U,7,0.07446808510638298
1,13,3,S,10,0.10638297872340426
1,13,3,A,11,0.11702127659574468
1,13,3,B,21,0.22340425531914893
1,13,3,A/B,13,0.13829787234042554
1,13,3,AB,32,0.3404255319148936
1,13,3,E,0,0
1,13,4,U,7,0.07446808510638298
1,13,4,S,15,0.1595744680851064
1,13,4,A,18,0.19148936170212766
1,13,4,B,18,0.19148936170212766
1,13,4,A/B,15,0.1595744680851064
1,13,4,AB,21,0.22340425531914893
1,13,4,E,0,0
1,14,1,U,7,0.07446808510638298
1,14,1,S,21,0.22340425531914893
1,14,1,A,12,0.1276595744680851
1,14,1,B,24,0.2553191489361702
1,14,1,A/B,11,0.11702127659574468
1,14,1,AB,19,0.20212765957446807
1,14,1,E,0,0
1,14,2,U,7,0.07446808510638298
1,14,2,S,18,0.19148936170212766
1,14,2,A,12,0.1276595744680851
1,14,2,B,23,0.24468085106382978
1,14,2,A/B,13,0.13829787234042554
1,14,2,AB,21,0.22340425531914893
1,14,2,E,0,0
1,14,3,U,6,0.06382978723404255
1,14,3,S,20,0.2127659574468085
1,14,3,A,9,0.09574468085106383
1,14,3,B,24,0.2553191489361702
1,14,3,A/B,14,0.14893617021276595
1,14,3,AB,21,0.22340425531914893
1,14,3,E,0,0
1,14,4,U,6,0.06382978723404255
1,14,4,S,19,0.20212765957446807
1,14,4,A,15,0.1595744680851064
1,14,4,B,24,0.2553191489361702
1,14,4,A/B,14,0.14893617021276595
1,14,4,AB,16,0.1702127659574468
1,14,4,E,0,0
1,15,1,U,9,0.09574468085106383
1,15,1,S,22,0.23404255319148937
1,15,1,A,8,0.0851063829787234
1,15,1,B,12,0.1276595744680851
1,15,1,A/B,19,0.20212765957446807
1,15,1,AB,24,0.2553191489361702
1,15,1,E,0,0
1,15,2,U,10,0.10638297872340426
1,15,2,S,20,0.2127659574468085
1,15,2,A,6,0.06382978723404255
1,15,2,B,13,0.13829787234042554
1,15,2,A/B,18,0.19148936170212766
1,15,2,AB,27,0.2872340425531915
1,15,2,E,0,0
1,15,3,U,9,0.09574468085106383
1,15,3,S,19,0.20212765957446807
1,15,3,A,4,0.0425531914893617
1,15,3,B,12,0.1276595744680851
1,15,3,A/B,12,0.1276595744680851
1,15,3,AB,38,0.40425531914893614
1,15,3,E,0,0
1,15,4,U,8,0.0851063829787234
1,15,4,S,19,0.20212765957446807
1,15,4,A,11,0.11702127659574468
1,15,4,B,14,0.14893617021276595
1,15,4,A/B,14,0.14893617021276595
1,15,4,AB,28,0.2978723404255319
1,15,4,E,0,0
1,16,1,U,7,0.07446808510638298
1,16,1,S,16,0.1702127659574468
1,16,1,A,11,0.11702127659574468
1,16,1,B,13,0.13829787234042554
1,16,1,A/B,17,0.18085106382978725
1,16,1,AB,30,0.3191489361702128
1,16,1,E,0,0
1,16,2,U,7,0.07446808510638298
1,16,2,S,11,0.11702127659574468
1,16,2,A,13,0.13829787234042554
1,16,2,B,10,0.10638297872340426
1,16,2,A/B,20,0.2127659574468085
1,16,2,AB,33,0.35106382978723405
1,16,2,E,0,0
1,16,3,U,5,0.05319148936170213
1,16,3,S,17,0.18085106382978725
1,16,3,A,5,0.05319148936170213
1,16,3,B,16,0.1702127659574468
1,16,3,A/B,9,0.09574468085106383
1,16,3,AB,42,0.44680851063829785
1,16,3,E,0,0
1,16,4,U,7,0.07446808510638298
1,16,4,S,14,0.14893617021276595
1,16,4,A,10,0.10638297872340426
1,16,4,B,13,0.13829787234042554
1,16,4,A/B,18,0.19148936170212766
1,16,4,AB,32,0.3404255319148936
1,16,4,E,0,0
1,17,1,U,6,0.06382978723404255
1,17,1,S,18,0.19148936170212766
1,17,1,A,13,0.13829787234042554
1,17,1,B,12,0.1276595744680851
1,17,1,A/B,15,0.1595744680851064
1,17,1,AB,30,0.3191489361702128
1,17,1,E,0,0
1,17,2,U,6,0.06382978723404255
1,17,2,S,16,0.1702127659574468
1,17,2,A,11,0.11702127659574468
1,17,2,B,13,0.13829787234042554
1,17,2,A/B,16,0.1702127659574468
1,17,2,AB,32,0.3404255319148936
1,17,2,E,0,0
1,17,3,U,6,0.06382978723404255
1,17,3,S,18,0.19148936170212766
1,17,3,A,11,0.11702127659574468
1,17,3,B,12,0.1276595744680851
1,17,3,A/B,10,0.10638297872340426
1,17,3,AB,37,0.39361702127659576
1,17,3,E,0,0
1,17,4,U,6,0.06382978723404255
1,17,4,S,17,0.18085106382978725
1,17,4,A,12,0.1276595744680851
1,17,4,B,13,0.13829787234042554
1,17,4,A/B,17,0.18085106382978725
1,17,4,AB,29,0.30851063829787234
1,17,4,E,0,0
1,18,1,U,5,0.05319148936170213
1,18,1,S,22,0.23404255319148937
1,18,1,A,13,0.13829787234042554
1,18,1,B,10,0.10638297872340426
1,18,1,A/B,15,0.1595744680851064
1,18,1,AB,29,0.30851063829787234
1,18,1,E,0,0
1,18,2,U,5,0.05319148936170213
1,18,2,S,19,0.20212765957446807
1,18,2,A,15,0.1595744680851064
1,18,2,B,12,0.1276595744680851
1,18,2,A/B,13,0.13829787234042554
1,18,2,AB,30,0.3191489361702128
1,18,2,E,0,0
1,18,3,U,5,0.05319148936170213
1,18,3,S,18,0.19148936170212766
1,18,3,A,8,0.0851063829787234
1,18,3,B,11,0.11702127659574468
1,18,3,A/B,14,0.14893617021276595
1,18,3,AB,38,0.40425531914893614
1,18,3,E,0,0
1,18,4,U,5,0.05319148936170213
1,18,4,S,20,0.2127659574468085
1,18,4,A,12,0.1276595744680851
1,18,4,B,11,0.11702127659574468
1,18,4,A/B,18,0.19148936170212766
1,18,4,AB,28,0.2978723404255319
1,18,4,E,0,0
1,19,1,U,3,0.031914893617021274
1,19,1,S,23,0.24468085106382978
1,19,1,A,10,0.10638297872340426
1,19,1,B,4,0.0425531914893617
1,19,1,A/B,0,0
1,19,1,AB,54,0.574468085106383
1,19,1,E,0,0
1,19,2,U,3,0.031914893617021274
1,19,2,S,12,0.1276595744680851
1,19,2,A,19,0.20212765957446807
1,19,2,B,5,0.05319148936170213
1,19,2,A/B,2,0.02127659574468085
1,19,2,AB,53,0.5638297872340425
1,19,2,E,0,0
1,19,3,U,2,0.02127659574468085
1,19,3,S,7,0.07446808510638298
1,19,3,A,23,0.24468085106382978
1,19,3,B,5,0.05319148936170213
1,19,3,A/B,2,0.02127659574468085
1,19,3,AB,55,0.5851063829787234
1,19,3,E,0,0
1,19,4,U,3,0.031914893617021274
1,19,4,S,19,0.20212765957446807
1,19,4,A,15,0.1595744680851064
1,19,4,B,2,0.02127659574468085
1,19,4,A/B,1,0.010638297872340425
1,19,4,AB,54,0.574468085106383
1,19,4,E,0,0
1,20,1,U,7,0.07446808510638298
1,20,1,S,21,0.22340425531914893
1,20,1,A,9,0.09574468085106383
1,20,1,B,5,0.05319148936170213
1,20,1,A/B,11,0.11702127659574468
1,20,1,AB,41,0.43617021276595747
1,20,1,E,0,0
1,20,2,U,7,0.07446808510638298
1,20,2,S,15,0.1595744680851064
1,20,2,A,12,0.1276595744680851
1,20,2,B,6,0.06382978723404255
1,20,2,A/B,14,0.14893617021276595
1,20,2,AB,40,0.425531914893617
1,20,2,E,0,0
1,20,3,U,7,0.07446808510638298
1,20,3,S,12,0.1276595744680851
1,20,3,A,11,0.11702127659574468
1,20,3,B,3,0.031914893617021274
1,20,3,A/B,13,0.13829787234042554
1,20,3,AB,48,0.5106382978723404
1,20,3,E,0,0
1,20,4,U,7,0.07446808510638298
1,20,4,S,18,0.19148936170212766
1,20,4,A,10,0.10638297872340426
1,20,4,B,3,0.031914893617021274
1,20,4,A/B,17,0.18085106382978725
1,20,4,AB,39,0.4148936170212766
1,20,4,E,0,0
1,21,1,U,7,0.07446808510638298
1,21,1,S,25,0.26595744680851063
1,21,1,A,7,0.07446808510638298
1,21,1,B,8,0.0851063829787234
1,21,1,A/B,12,0.1276595744680851
1,21,1,AB,35,0.3723404255319149
1,21,1,E,0,0
1,21,2,U,7,0.07446808510638298
1,21,2,S,20,0.2127659574468085
1,21,2,A,13,0.13829787234042554
1,21,2,B,9,0.09574468085106383
1,21,2,A/B,11,0.11702127659574468
1,21,2,AB,34,0.3617021276595745
1,21,2,E,0,0
1,21,3,U,7,0.07446808510638298
1,21,3,S,20,0.2127659574468085
1,21,3,A,6,0.06382978723404255
1,21,3,B,8,0.0851063829787234
1,21,3,A/B,10,0.10638297872340426
1,21,3,AB,43,0.4574468085106383
1,21,3,E,0,0
1,21,4,U,7,0.07446808510638298
1,21,4,S,20,0.2127659574468085
1,21,4,A,12,0.1276595744680851
1,21,4,B,7,0.07446808510638298
1,21,4,A/B,16,0.1702127659574468
1,21,4,AB,32,0.3404255319148936
1,21,4,E,0,0
1,22,1,U,6,0.06382978723404255
1,22,1,S,25,0.26595744680851063
1,22,1,A,12,0.1276595744680851
1,22,1,B,6,0.06382978723404255
1,22,1,A/B,8,0.0851063829787234
1,22,1,AB,37,0.39361702127659576
1,22,1,E,0,0
1,22,2,U,6,0.06382978723404255
1,22,2,S,24,0.2553191489361702
1,22,2,A,13,0.13829787234042554
1,22,2,B,9,0.09574468085106383
1,22,2,A/B,9,0.09574468085106383
1,22,2,AB,33,0.35106382978723405
1,22,2,E,0,0
1,22,3,U,6,0.06382978723404255
1,22,3,S,24,0.2553191489361702
1,22,3,A,6,0.06382978723404255
1,22,3,B,6,0.06382978723404255
1,22,3,A/B,7,0.07446808510638298
1,22,3,AB,45,0.4787234042553192
1,22,3,E,0,0
1,22,4,U,6,0.06382978723404255
1,22,4,S,24,0.2553191489361702
1,22,4,A,12,0.1276595744680851
1,22,4,B,8,0.0851063829787234
1,22,4,A/B,9,0.09574468085106383
1,22,4,AB,35,0.3723404255319149
1,22,4,E,0,0
2,0,1,U,20,0.2127659574468085
2,0,1,S,49,0.5212765957446809
2,0,1,A,10,0.10638297872340426
2,0,1,B,10,0.10638297872340426
2,0,1,A/B,0,0
2,0,1,AB,5,0.05319148936170213
2,0,1,E,0,0
2,0,2,U,17,0.18085106382978725
2,0,2,S,50,0.5319148936170213
2,0,2,A,11,0.11702127659574468
2,0,2,B,10,0.10638297872340426
2,0,2,A/B,0,0
2,0,2,AB,6,0.06382978723404255
2,0,2,E,0,0
2,0,3,U,16,0.1702127659574468
2,0,3,S,52,0.5531914893617021
2,0,3,A,1,0.010638297872340425
2,0,3,B,6,0.06382978723404255
2,0,3,A/B,4,0.0425531914893617
2,0,3,AB,15,0.1595744680851064
2,0,3,E,0,0
2,0,4,U,20,0.2127659574468085
2,0,4,S,49,0.5212765957446809
2,0,4,A,9,0.09574468085106383
2,0,4,B,9,0.09574468085106383
2,0,4,A/B,1,0.010638297872340425
2,0,4,AB,6,0.06382978723404255
2,0,4,E,0,0
2,1,1,U,60,0.6382978723404256
2,1,1,S,2,0.02127659574468085
2,1,1,A,23,0.24468085106382978
2,1,1,B,0,0
2,1,1,A/B,0,0
2,1,1,AB,9,0.09574468085106383
2,1,1,E,0,0
2,1,2,U,27,0.2872340425531915
2,1,2,S,5,0.05319148936170213
2,1,2,A,54,0.574468085106383
2,1,2,B,1,0.010638297872340425
2,1,2,A/B,0,0
2,1,2,AB,7,0.07446808510638298
2,1,2,E,0,0
2,1,3,U,53,0.5638297872340425
2,1,3,S,1,0.010638297872340425
2,1,3,A,13,0.13829787234042554
2,1,3,B,1,0.010638297872340425
2,1,3,A/B,2,0.02127659574468085
2,1,3,AB,24,0.2553191489361702
2,1,3,E,0,0
2,1,4,U,62,0.6595744680851063
2,1,4,S,0,0
2,1,4,A,23,0.24468085106382978
2,1,4,B,0,0
2,1,4,A/B,0,0
2,1,4,AB,9,0.09574468085106383
2,1,4,E,0,0
2,2,1,U,53,0.5638297872340425
2,2,1,S,0,0
2,2,1,A,33,0.35106382978723405
2,2,1,B,0,0
2,2,1,A/B,0,0
2,2,1,AB,8,0.0851063829787234
2,2,1,E,0,0
2,2,2,U,28,0.2978723404255319
2,2,2,S,3,0.031914893617021274
2,2,2,A,57,0.6063829787234043
2,2,2,B,0,0
2,2,2,A/B,0,0
2,2,2,AB,6,0.06382978723404255
2,2,2,E,0,0
2,2,3,U,47,0.5
2,2,3,S,1,0.010638297872340425
2,2,3,A,25,0.26595744680851063
2,2,3,B,0,0
2,2,3,A/B,0,0
2,2,3,AB,21,0.22340425531914893
2,2,3,E,0,0
2,2,4,U,54,0.574468085106383
2,2,4,S,0,0
2,2,4,A,31,0.32978723404255317
2,2,4,B,0,0
2,2,4,A/B,0,0
2,2,4,AB,9,0.09574468085106383
2,2,4,E,0,0
2,3,1,U,37,0.39361702127659576
2,3,1,S,0,0
2,3,1,A,37,0.39361702127659576
2,3,1,B,0,0
2,3,1,A/B,2,0.02127659574468085
2,3,1,AB,18,0.19148936170212766
2,3,1,E,0,0
2,3,2,U,21,0.22340425531914893
2,3,2,S,1,0.010638297872340425
2,3,2,A,62,0.6595744680851063
2,3,2,B,0,0
2,3,2,A/B,0,0
2,3,2,AB,10,0.10638297872340426
2,3,2,E,0,0
2,3,3,U,37,0.39361702127659576
2,3,3,S,1,0.010638297872340425
2,3,3,A,36,0.3829787234042553
2,3,3,B,0,0
2,3,3,A/B,2,0.02127659574468085
2,3,3,AB,18,0.19148936170212766
2,3,3,E,0,0
2,3,4,U,43,0.4574468085106383
2,3,4,S,0,0
2,3,4,A,38,0.40425531914893614
2,3,4,B,0,0
2,3,4,A/B,0,0
2,3,4,AB,13,0.13829787234042554
2,3,4,E,0,0
2,4,1,U,30,0.3191489361702128
2,4,1,S,0,0
2,4,1,A,39,0.4148936170212766
2,4,1,B,0,0
2,4,1,A/B,1,0.010638297872340425
2,4,1,AB,24,0.2553191489361702
2,4,1,E,0,0
2,4,2,U,21,0.22340425531914893
2,4,2,S,0,0
2,4,2,A,56,0.5957446808510638
2,4,2,B,0,0
2,4,2,A/B,0,0
2,4,2,AB,17,0.18085106382978725
2,4,2,E,0,0
2,4,3,U,33,0.35106382978723405
2,4,3,S,1,0.010638297872340425
2,4,3,A,36,0.3829787234042553
2,4,3,B,0,0
2,4,3,A/B,0,0
2,4,3,AB,24,0.2553191489361702
2,4,3,E,0,0
2,4,4,U,38,0.40425531914893614
2,4,4,S,0,0
2,4,4,A,35,0.3723404255319149
2,4,4,B,0,0
2,4,4,A/B,0,0
2,4,4,AB,21,0.22340425531914893
2,4,4,E,0,0
2,5,1,U,24,0.2553191489361702
2,5,1,S,0,0
2,5,1,A,39,0.4148936170212766
2,5,1,B,0,0
2,5,1,A/B,1,0.010638297872340425
2,5,1,AB,30,0.3191489361702128
2,5,1,E,0,0
2,5,2,U,19,0.20212765957446807
2,5,2,S,1,0.010638297872340425
2,5,2,A,52,0.5531914893617021
2,5,2,B,0,0
2,5,2,A/B,0,0
2,5,2,AB,22,0.23404255319148937
2,5,2,E,0,0
2,5,3,U,24,0.2553191489361702
2,5,3,S,0,0
2,5,3,A,39,0.4148936170212766
2,5,3,B,1,0.010638297872340425
2,5,3,A/B,2,0.02127659574468085
2,5,3,AB,28,0.2978723404255319
2,5,3,E,0,0
2,5,4,U,30,0.3191489361702128
2,5,4,S,0,0
2,5,4,A,36,0.3829787234042553
2,5,4,B,0,0
2,5,4,A/B,0,0
2,5,4,AB,28,0.2978723404255319
2,5,4,E,0,0
2,6,1,U,24,0.2553191489361702
2,6,1,S,0,0
2,6,1,A,53,0.5638297872340425
2,6,1,B,0,0
2,6,1,A/B,17,0.18085106382978725
2,6,1,AB,0,0
2,6,1,E,0,0
2,6,2,U,19,0.20212765957446807
2,6,2,S,0,0
2,6,2,A,64,0.6808510638297872
2,6,2,B,0,0
2,6,2,A/B,11,0.11702127659574468
2,6,2,AB,0,0
2,6,2,E,0,0
2,6,3,U,22,0.23404255319148937
2,6,3,S,1,0.010638297872340425
2,6,3,A,54,0.574468085106383
2,6,3,B,0,0
2,6,3,A/B,17,0.18085106382978725
2,6,3,AB,0,0
2,6,3,E,0,0
2,6,4,U,27,0.2872340425531915
2,6,4,S,0,0
2,6,4,A,43,0.4574468085106383
2,6,4,B,0,0
2,6,4,A/B,21,0.22340425531914893
2,6,4,AB,3,0.031914893617021274
2,6,4,E,0,0
2,7,1,U,11,0.11702127659574468
2,7,1,S,0,0
2,7,1,A,43,0.4574468085106383
2,7,1,B,0,0
2,7,1,A/B,0,0
2,7,1,AB,40,0.425531914893617
2,7,1,E,0,0
2,7,2,U,13,0.13829787234042554
2,7,2,S,0,0
2,7,2,A,55,0.5851063829787234
2,7,2,B,0,0
2,7,2,A/B,0,0
2,7,2,AB,26,0.2765957446808511
2,7,2,E,0,0
2,7,3,U,9,0.09574468085106383
2,7,3,S,0,0
2,7,3,A,44,0.46808510638297873
2,7,3,B,0,0
2,7,3,A/B,1,0.010638297872340425
2,7,3,AB,40,0.425531914893617
2,7,3,E,0,0
2,7,4,U,15,0.1595744680851064
2,7,4,S,0,0
2,7,4,A,37,0.39361702127659576
2,7,4,B,0,0
2,7,4,A/B,0,0
2,7,4,AB,42,0.44680851063829785
2,7,4,E,0,0
2,8,1,U,18,0.19148936170212766
2,8,1,S,1,0.010638297872340425
2,8,1,A,41,0.43617021276595747
2,8,1,B,0,0
2,8,1,A/B,0,0
2,8,1,AB,34,0.3617021276595745
2,8,1,E,0,0
2,8,2,U,16,0.1702127659574468
2,8,2,S,0,0
2,8,2,A,53,0.5638297872340425
2,8,2,B,0,0
2,8,2,A/B,0,0
2,8,2,AB,25,0.26595744680851063
2,8,2,E,0,0
2,8,3,U,12,0.1276595744680851
2,8,3,S,2,0.02127659574468085
2,8,3,A,44,0.46808510638297873
2,8,3,B,0,0
2,8,3,A/B,1,0.010638297872340425
2,8,3,AB,35,0.3723404255319149
2,8,3,E,0,0
2,8,4,U,22,0.23404255319148937
2,8,4,S,1,0.010638297872340425
2,8,4,A,35,0.3723404255319149
2,8,4,B,0,0
2,8,4,A/B,1,0.010638297872340425
2,8,4,AB,35,0.3723404255319149
2,8,4,E,0,0
2,9,1,U,12,0.1276595744680851
2,9,1,S,0,0
2,9,1,A,34,0.3617021276595745
2,9,1,B,0,0
2,9,1,A/B,0,0
2,9,1,AB,48,0.5106382978723404
2,9,1,E,0,0
2,9,2,U,9,0.09574468085106383
2,9,2,S,0,0
2,9,2,A,44,0.46808510638297873
2,9,2,B,0,0
2,9,2,A/B,1,0.010638297872340425
2,9,2,AB,40,0.425531914893617
2,9,2,E,0,0
2,9,3,U,7,0.07446808510638298
2,9,3,S,1,0.010638297872340425
2,9,3,A,34,0.3617021276595745
2,9,3,B,1,0.010638297872340425
2,9,3,A/B,5,0.05319148936170213
2,9,3,AB,46,0.48936170212765956
2,9,3,E,0,0
2,9,4,U,11,0.11702127659574468
2,9,4,S,0,0
2,9,4,A,34,0.3617021276595745
2,9,4,B,0,0
2,9,4,A/B,1,0.010638297872340425
2,9,4,AB,48,0.5106382978723404
2,9,4,E,0,0
2,10,1,U,13,0.13829787234042554
2,10,1,S,0,0
2,10,1,A,39,0.4148936170212766
2,10,1,B,0,0
2,10,1,A/B,0,0
2,10,1,AB,42,0.44680851063829785
2,10,1,E,0,0
2,10,2,U,11,0.11702127659574468
2,10,2,S,0,0
2,10,2,A,45,0.4787234042553192
2,10,2,B,0,0
2,10,2,A/B,0,0
2,10,2,AB,38,0.40425531914893614
2,10,2,E,0,0
2,10,3,U,10,0.10638297872340426
2,10,3,S,0,0
2,10,3,A,34,0.3617021276595745
2,10,3,B,0,0
2,10,3,A/B,1,0.010638297872340425
2,10,3,AB,49,0.5212765957446809
2,10,3,E,0,0
2,10,4,U,13,0.13829787234042554
2,10,4,S,0,0
2,10,4,A,36,0.3829787234042553
2,10,4,B,0,0
2,10,4,A/B,0,0
2,10,4,AB,45,0.4787234042553192
2,10,4,E,0,0
2,11,1,U,14,0.14893617021276595
2,11,1,S,0,0
2,11,1,A,34,0.3617021276595745
2,11,1,B,0,0
2,11,1,A/B,0,0
2,11,1,AB,46,0.48936170212765956
2,11,1,E,0,0
2,11,2,U,11,0.11702127659574468
2,11,2,S,1,0.010638297872340425
2,11,2,A,38,0.40425531914893614
2,11,2,B,0,0
2,11,2,A/B,0,0
2,11,2,AB,44,0.46808510638297873
2,11,2,E,0,0
2,11,3,U,10,0.10638297872340426
2,11,3,S,0,0
2,11,3,A,34,0.3617021276595745
2,11,3,B,0,0
2,11,3,A/B,0,0
2,11,3,AB,50,0.5319148936170213
2,11,3,E,0,0
2,11,4,U,15,0.1595744680851064
2,11,4,S,0,0
2,11,4,A,30,0.3191489361702128
2,11,4,B,0,0
2,11,4,A/B,0,0
2,11,4,AB,49,0.5212765957446809
2,11,4,E,0,0
2,12,1,U,11,0.11702127659574468
2,12,1,S,1,0.010638297872340425
2,12,1,A,31,0.32978723404255317
2,12,1,B,0,0
2,12,1,A/B,0,0
2,12,1,AB,51,0.5425531914893617
2,12,1,E,0,0
2,12,2,U,10,0.10638297872340426
2,12,2,S,0,0
2,12,2,A,38,0.40425531914893614
2,12,2,B,0,0
2,12,2,A/B,1,0.010638297872340425
2,12,2,AB,45,0.4787234042553192
2,12,2,E,0,0
2,12,3,U,7,0.07446808510638298
2,12,3,S,0,0
2,12,3,A,30,0.3191489361702128
2,12,3,B,0,0
2,12,3,A/B,1,0.010638297872340425
2,12,3,AB,56,0.5957446808510638
2,12,3,E,0,0
2,12,4,U,12,0.1276595744680851
2,12,4,S,0,0
2,12,4,A,27,0.2872340425531915
2,12,4,B,0,0
2,12,4,A/B,2,0.02127659574468085
2,12,4,AB,53,0.5638297872340425
2,12,4,E,0,0
2,13,1,U,8,0.0851063829787234
2,13,1,S,0,0
2,13,1,A,34,0.3617021276595745
2,13,1,B,0,0
2,13,1,A/B,0,0
2,13,1,AB,52,0.5531914893617021
2,13,1,E,0,0
2,13,2,U,11,0.11702127659574468
2,13,2,S,0,0
2,13,2,A,33,0.35106382978723405
2,13,2,B,1,0.010638297872340425
2,13,2,A/B,2,0.02127659574468085
2,13,2,AB,47,0.5
2,13,2,E,0,0
2,13,3,U,10,0.10638297872340426
2,13,3,S,0,0
2,13,3,A,30,0.3191489361702128
2,13,3,B,0,0
2,13,3,A/B,0,0
2,13,3,AB,54,0.574468085106383
2,13,3,E,0,0
2,13,4,U,13,0.13829787234042554
2,13,4,S,0,0
2,13,4,A,27,0.2872340425531915
2,13,4,B,0,0
2,13,4,A/B,1,0.010638297872340425
2,13,4,AB,53,0.5638297872340425
2,13,4,E,0,0
2,14,1,U,7,0.07446808510638298
2,14,1,S,0,0
2,14,1,A,34,0.3617021276595745
2,14,1,B,0,0
2,14,1,A/B,0,0
2,14,1,AB,53,0.5638297872340425
2,14,1,E,0,0
2,14,2,U,9,0.09574468085106383
2,14,2,S,0,0
2,14,2,A,36,0.3829787234042553
2,14,2,B,0,0
2,14,2,A/B,2,0.02127659574468085
2,14,2,AB,47,0.5
2,14,2,E,0,0
2,14,3,U,8,0.0851063829787234
2,14,3,S,0,0
2,14,3,A,27,0.2872340425531915
2,14,3,B,0,0
2,14,3,A/B,3,0.031914893617021274
2,14,3,AB,56,0.5957446808510638
2,14,3,E,0,0
2,14,4,U,8,0.0851063829787234
2,14,4,S,0,0
2,14,4,A,30,0.3191489361702128
2,14,4,B,0,0
2,14,4,A/B,0,0
2,14,4,AB,56,0.5957446808510638
2,14,4,E,0,0
2,15,1,U,15,0.1595744680851064
2,15,1,S,2,0.02127659574468085
2,15,1,A,22,0.23404255319148937
2,15,1,B,0,0
2,15,1,A/B,0,0
2,15,1,AB,55,0.5851063829787234
2,15,1,E,0,0
2,15,2,U,16,0.1702127659574468
2,15,2,S,1,0.010638297872340425
2,15,2,A,26,0.2765957446808511
2,15,2,B,0,0
2,15,2,A/B,0,0
2,15,2,AB,51,0.5425531914893617
2,15,2,E,0,0
2,15,3,U,13,0.13829787234042554
2,15,3,S,0,0
2,15,3,A,21,0.22340425531914893
2,15,3,B,0,0
2,15,3,A/B,1,0.010638297872340425
2,15,3,AB,59,0.6276595744680851
2,15,3,E,0,0
2,15,4,U,12,0.1276595744680851
2,15,4,S,0,0
2,15,4,A,26,0.2765957446808511
2,15,4,B,0,0
2,15,4,A/B,0,0
2,15,4,AB,56,0.5957446808510638
2,15,4,E,0,0
2,16,1,U,6,0.06382978723404255
2,16,1,S,1,0.010638297872340425
2,16,1,A,22,0.23404255319148937
2,16,1,B,0,0
2,16,1,A/B,1,0.010638297872340425
2,16,1,AB,64,0.6808510638297872
2,16,1,E,0,0
2,16,2,U,6,0.06382978723404255
2,16,2,S,0,0
2,16,2,A,30,0.3191489361702128
2,16,2,B,0,0
2,16,2,A/B,2,0.02127659574468085
2,16,2,AB,56,0.5957446808510638
2,16,2,E,0,0
2,16,3,U,6,0.06382978723404255
2,16,3,S,0,0
2,16,3,A,18,0.19148936170212766
2,16,3,B,0,0
2,16,3,A/B,1,0.010638297872340425
2,16,3,AB,69,0.7340425531914894
2,16,3,E,0,0
2,16,4,U,7,0.07446808510638298
2,16,4,S,0,0
2,16,4,A,22,0.23404255319148937
2,16,4,B,0,0
2,16,4,A/B,2,0.02127659574468085
2,16,4,AB,63,0.6702127659574468
2,16,4,E,0,0
2,17,1,U,4,0.0425531914893617
2,17,1,S,1,0.010638297872340425
2,17,1,A,30,0.3191489361702128
2,17,1,B,0,0
2,17,1,A/B,0,0
2,17,1,AB,59,0.6276595744680851
2,17,1,E,0,0
2,17,2,U,7,0.07446808510638298
2,17,2,S,0,0
2,17,2,A,35,0.3723404255319149
2,17,2,B,0,0
2,17,2,A/B,1,0.010638297872340425
2,17,2,AB,51,0.5425531914893617
2,17,2,E,0,0
2,17,3,U,10,0.10638297872340426
2,17,3,S,0,0
2,17,3,A,21,0.22340425531914893
2,17,3,B,0,0
2,17,3,A/B,1,0.010638297872340425
2,17,3,AB,62,0.6595744680851063
2,17,3,E,0,0
2,17,4,U,7,0.07446808510638298
2,17,4,S,0,0
2,17,4,A,27,0.2872340425531915
2,17,4,B,0,0
2,17,4,A/B,0,0
2,17,4,AB,60,0.6382978723404256
2,17,4,E,0,0
2,18,1,U,14,0.14893617021276595
2,18,1,S,1,0.010638297872340425
2,18,1,A,27,0.2872340425531915
2,18,1,B,0,0
2,18,1,A/B,0,0
2,18,1,AB,52,0.5531914893617021
2,18,1,E,0,0
2,18,2,U,6,0.06382978723404255
2,18,2,S,0,0
2,18,2,A,41,0.43617021276595747
2,18,2,B,0,0
2,18,2,A/B,0,0
2,18,2,AB,47,0.5
2,18,2,E,0,0
2,18,3,U,8,0.0851063829787234
2,18,3,S,0,0
2,18,3,A,29,0.30851063829787234
2,18,3,B,1,0.010638297872340425
2,18,3,A/B,0,0
2,18,3,AB,56,0.5957446808510638
2,18,3,E,0,0
2,18,4,U,5,0.05319148936170213
2,18,4,S,0,0
2,18,4,A,36,0.3829787234042553
2,18,4,B,0,0
2,18,4,A/B,0,0
2,18,4,AB,53,0.5638297872340425
2,18,4,E,0,0
2,19,1,U,13,0.13829787234042554
2,19,1,S,0,0
2,19,1,A,34,0.3617021276595745
2,19,1,B,0,0
2,19,1,A/B,1,0.010638297872340425
2,19,1,AB,46,0.48936170212765956
2,19,1,E,0,0
2,19,2,U,7,0.07446808510638298
2,19,2,S,0,0
2,19,2,A,45,0.4787234042553192
2,19,2,B,0,0
2,19,2,A/B,0,0
2,19,2,AB,42,0.44680851063829785
2,19,2,E,0,0
2,19,3,U,9,0.09574468085106383
2,19,3,S,0,0
2,19,3,A,34,0.3617021276595745
2,19,3,B,0,0
2,19,3,A/B,0,0
2,19,3,AB,51,0.5425531914893617
2,19,3,E,0,0
2,19,4,U,7,0.07446808510638298
2,19,4,S,0,0
2,19,4,A,40,0.425531914893617
2,19,4,B,0,0
2,19,4,A/B,0,0
2,19,4,AB,47,0.5
2,19,4,E,0,0
2,20,1,U,8,0.0851063829787234
2,20,1,S,0,0
2,20,1,A,21,0.22340425531914893
2,20,1,B,0,0
2,20,1,A/B,0,0
2,20,1,AB,65,0.6914893617021277
2,20,1,E,0,0
2,20,2,U,7,0.07446808510638298
2,20,2,S,0,0
2,20,2,A,28,0.2978723404255319
2,20,2,B,0,0
2,20,2,A/B,1,0.010638297872340425
2,20,2,AB,58,0.6170212765957447
2,20,2,E,0,0
2,20,3,U,8,0.0851063829787234
2,20,3,S,0,0
2,20,3,A,14,0.14893617021276595
2,20,3,B,0,0
2,20,3,A/B,3,0.031914893617021274
2,20,3,AB,69,0.7340425531914894
2,20,3,E,0,0
2,20,4,U,6,0.06382978723404255
2,20,4,S,0,0
2,20,4,A,25,0.26595744680851063
2,20,4,B,0,0
2,20,4,A/B,0,0
2,20,4,AB,63,0.6702127659574468
2,20,4,E,0,0
2,21,1,U,12,0.1276595744680851
2,21,1,S,0,0
2,21,1,A,24,0.2553191489361702
2,21,1,B,0,0
2,21,1,A/B,1,0.010638297872340425
2,21,1,AB,57,0.6063829787234043
2,21,1,E,0,0
2,21,2,U,7,0.07446808510638298
2,21,2,S,0,0
2,21,2,A,41,0.43617021276595747
2,21,2,B,0,0
2,21,2,A/B,0,0
2,21,2,AB,46,0.48936170212765956
2,21,2,E,0,0
2,21,3,U,10,0.10638297872340426
2,21,3,S,0,0
2,21,3,A,28,0.2978723404255319
2,21,3,B,0,0
2,21,3,A/B,0,0
2,21,3,AB,56,0.5957446808510638
2,21,3,E,0,0
2,21,4,U,5,0.05319148936170213
2,21,4,S,0,0
2,21,4,A,36,0.3829787234042553
2,21,4,B,0,0
2,21,4,A/B,0,0
2,21,4,AB,53,0.5638297872340425
2,21,4,E,0,0
2,22,1,U,12,0.1276595744680851
2,22,1,S,0,0
2,22,1,A,32,0.3404255319148936
2,22,1,B,0,0
2,22,1,A/B,0,0
2,22,1,AB,50,0.5319148936170213
2,22,1,E,0,0
2,22,2,U,9,0.09574468085106383
2,22,2,S,0,0
2,22,2,A,42,0.44680851063829785
2,22,2,B,0,0
2,22,2,A/B,0,0
2,22,2,AB,43,0.4574468085106383
2,22,2,E,0,0
2,22,3,U,8,0.0851063829787234
2,22,3,S,0,0
2,22,3,A,31,0.32978723404255317
2,22,3,B,0,0
2,22,3,A/B,1,0.010638297872340425
2,22,3,AB,54,0.574468085106383
2,22,3,E,0,0
2,22,4,U,6,0.06382978723404255
2,22,4,S,0,0
2,22,4,A,39,0.4148936170212766
2,22,4,B,0,0
2,22,4,A/B,0,0
2,22,4,AB,49,0.5212765957446809
2,22,4,E,0,0
3,0,1,U,15,0.1595744680851064
3,0,1,S,51,0.5425531914893617
3,0,1,A,11,0.11702127659574468
3,0,1,B,11,0.11702127659574468
3,0,1,A/B,0,0
3,0,1,AB,6,0.06382978723404255
3,0,1,E,0,0
3,0,2,U,15,0.1595744680851064
3,0,2,S,52,0.5531914893617021
3,0,2,A,11,0.11702127659574468
3,0,2,B,10,0.10638297872340426
3,0,2,A/B,0,0
3,0,2,AB,6,0.06382978723404255
3,0,2,E,0,0
3,0,3,U,14,0.14893617021276595
3,0,3,S,53,0.5638297872340425
3,0,3,A,0,0
3,0,3,B,8,0.0851063829787234
3,0,3,A/B,4,0.0425531914893617
3,0,3,AB,15,0.1595744680851064
3,0,3,E,0,0
3,0,4,U,17,0.18085106382978725
3,0,4,S,51,0.5425531914893617
3,0,4,A,10,0.10638297872340426
3,0,4,B,10,0.10638297872340426
3,0,4,A/B,0,0
3,0,4,AB,6,0.06382978723404255
3,0,4,E,0,0
3,1,1,U,28,0.2978723404255319
3,1,1,S,5,0.05319148936170213
3,1,1,A,2,0.02127659574468085
3,1,1,B,50,0.5319148936170213
3,1,1,A/B,1,0.010638297872340425
3,1,1,AB,8,0.0851063829787234
3,1,1,E,0,0
3,1,2,U,30,0.3191489361702128
3,1,2,S,0,0
3,1,2,A,0,0
3,1,2,B,55,0.5851063829787234
3,1,2,A/B,0,0
3,1,2,AB,9,0.09574468085106383
3,1,2,E,0,0
3,1,3,U,27,0.2872340425531915
3,1,3,S,2,0.02127659574468085
3,1,3,A,0,0
3,1,3,B,40,0.425531914893617
3,1,3,A/B,0,0
3,1,3,AB,25,0.26595744680851063
3,1,3,E,0,0
3,1,4,U,26,0.2765957446808511
3,1,4,S,5,0.05319148936170213
3,1,4,A,2,0.02127659574468085
3,1,4,B,52,0.5531914893617021
3,1,4,A/B,0,0
3,1,4,AB,9,0.09574468085106383
3,1,4,E,0,0
3,2,1,U,30,0.3191489361702128
3,2,1,S,8,0.0851063829787234
3,2,1,A,1,0.010638297872340425
3,2,1,B,46,0.48936170212765956
3,2,1,A/B,1,0.010638297872340425
3,2,1,AB,8,0.0851063829787234
3,2,1,E,0,0
3,2,2,U,33,0.35106382978723405
3,2,2,S,6,0.06382978723404255
3,2,2,A,0,0
3,2,2,B,47,0.5
3,2,2,A/B,0,0
3,2,2,AB,8,0.0851063829787234
3,2,2,E,0,0
3,2,3,U,31,0.32978723404255317
3,2,3,S,7,0.07446808510638298
3,2,3,A,1,0.010638297872340425
3,2,3,B,30,0.3191489361702128
3,2,3,A/B,0,0
3,2,3,AB,25,0.26595744680851063
3,2,3,E,0,0
3,2,4,U,26,0.2765957446808511
3,2,4,S,9,0.09574468085106383
3,2,4,A,1,0.010638297872340425
3,2,4,B,50,0.5319148936170213
3,2,4,A/B,0,0
3,2,4,AB,8,0.0851063829787234
3,2,4,E,0,0
3,3,1,U,30,0.3191489361702128
3,3,1,S,1,0.010638297872340425
3,3,1,A,0,0
3,3,1,B,37,0.39361702127659576
3,3,1,A/B,3,0.031914893617021274
3,3,1,AB,23,0.24468085106382978
3,3,1,E,0,0
3,3,2,U,31,0.32978723404255317
3,3,2,S,3,0.031914893617021274
3,3,2,A,2,0.02127659574468085
3,3,2,B,41,0.43617021276595747
3,3,2,A/B,5,0.05319148936170213
3,3,2,AB,12,0.1276595744680851
3,3,2,E,0,0
3,3,3,U,28,0.2978723404255319
3,3,3,S,2,0.02127659574468085
3,3,3,A,1,0.010638297872340425
3,3,3,B,28,0.2978723404255319
3,3,3,A/B,7,0.07446808510638298
3,3,3,AB,28,0.2978723404255319
3,3,3,E,0,0
3,3,4,U,29,0.30851063829787234
3,3,4,S,3,0.031914893617021274
3,3,4,A,5,0.05319148936170213
3,3,4,B,40,0.425531914893617
3,3,4,A/B,5,0.05319148936170213
3,3,4,AB,12,0.1276595744680851
3,3,4,E,0,0
3,4,1,U,21,0.22340425531914893
3,4,1,S,1,0.010638297872340425
3,4,1,A,0,0
3,4,1,B,45,0.4787234042553192
3,4,1,A/B,2,0.02127659574468085
3,4,1,AB,25,0.26595744680851063
3,4,1,E,0,0
3,4,2,U,28,0.2978723404255319
3,4,2,S,0,0
3,4,2,A,0,0
3,4,2,B,50,0.5319148936170213
3,4,2,A/B,1,0.010638297872340425
3,4,2,AB,15,0.1595744680851064
3,4,2,E,0,0
3,4,3,U,23,0.24468085106382978
3,4,3,S,0,0
3,4,3,A,0,0
3,4,3,B,35,0.3723404255319149
3,4,3,A/B,0,0
3,4,3,AB,36,0.3829787234042553
3,4,3,E,0,0
3,4,4,U,23,0.24468085106382978
3,4,4,S,3,0.031914893617021274
3,4,4,A,1,0.010638297872340425
3,4,4,B,46,0.48936170212765956
3,4,4,A/B,0,0
3,4,4,AB,21,0.22340425531914893
3,4,4,E,0,0
3,5,1,U,14,0.14893617021276595
3,5,1,S,7,0.07446808510638298
3,5,1,A,0,0
3,5,1,B,41,0.43617021276595747
3,5,1,A/B,2,0.02127659574468085
3,5,1,AB,30,0.3191489361702128
3,5,1,E,0,0
3,5,2,U,16,0.1702127659574468
3,5,2,S,7,0.07446808510638298
3,5,2,A,0,0
3,5,2,B,47,0.5
3,5,2,A/B,2,0.02127659574468085
3,5,2,AB,22,0.23404255319148937
3,5,2,E,0,0
3,5,3,U,15,0.1595744680851064
3,5,3,S,4,0.0425531914893617
3,5,3,A,0,0
3,5,3,B,33,0.35106382978723405
3,5,3,A/B,3,0.031914893617021274
3,5,3,AB,39,0.4148936170212766
3,5,3,E,0,0
3,5,4,U,16,0.1702127659574468
3,5,4,S,7,0.07446808510638298
3,5,4,A,1,0.010638297872340425
3,5,4,B,42,0.44680851063829785
3,5,4,A/B,2,0.02127659574468085
3,5,4,AB,26,0.2765957446808511
3,5,4,E,0,0
3,6,1,U,NA,NA
3,6,1,S,NA,NA
3,6,1,A,NA,NA
3,6,1,B,NA,NA
3,6,1,A/B,NA,NA
3,6,1,AB,NA,NA
3,6,1,E,NA,NA
3,6,2,U,NA,NA
3,6,2,S,NA,NA
3,6,2,A,NA,NA
3,6,2,B,NA,NA
3,6,2,A/B,NA,NA
3,6,2,AB,NA,NA
3,6,2,E,NA,NA
3,6,3,U,NA,NA
3,6,3,S,NA,NA
3,6,3,A,NA,NA
3,6,3,B,NA,NA
3,6,3,A/B,NA,NA
3,6,3,AB,NA,NA
3,6,3,E,NA,NA
3,6,4,U,NA,NA
3,6,4,S,NA,NA
3,6,4,A,NA,NA
3,6,4,B,NA,NA
3,6,4,A/B,NA,NA
3,6,4,AB,NA,NA
3,6,4,E,NA,NA
3,7,1,U,NA,NA
3,7,1,S,NA,NA
3,7,1,A,NA,NA
3,7,1,B,NA,NA
3,7,1,A/B,NA,NA
3,7,1,AB,NA,NA
3,7,1,E,NA,NA
3,7,2,U,NA,NA
3,7,2,S,NA,NA
3,7,2,A,NA,NA
3,7,2,B,NA,NA
3,7,2,A/B,NA,NA
3,7,2,AB,NA,NA
3,7,2,E,NA,NA
3,7,3,U,NA,NA
3,7,3,S,NA,NA
3,7,3,A,NA,NA
3,7,3,B,NA,NA
3,7,3,A/B,NA,NA
3,7,3,AB,NA,NA
3,7,3,E,NA,NA
3,7,4,U,NA,NA
3,7,4,S,NA,NA
3,7,4,A,NA,NA
3,7,4,B,NA,NA
3,7,4,A/B,NA,NA
3,7,4,AB,NA,NA
3,7,4,E,NA,NA
3,8,1,U,11,0.11702127659574468
3,8,1,S,0,0
3,8,1,A,0,0
3,8,1,B,43,0.4574468085106383
3,8,1,A/B,4,0.0425531914893617
3,8,1,AB,36,0.3829787234042553
3,8,1,E,0,0
3,8,2,U,15,0.1595744680851064
3,8,2,S,0,0
3,8,2,A,0,0
3,8,2,B,52,0.5531914893617021
3,8,2,A/B,1,0.010638297872340425
3,8,2,AB,26,0.2765957446808511
3,8,2,E,0,0
3,8,3,U,13,0.13829787234042554
3,8,3,S,0,0
3,8,3,A,0,0
3,8,3,B,32,0.3404255319148936
3,8,3,A/B,1,0.010638297872340425
3,8,3,AB,48,0.5106382978723404
3,8,3,E,0,0
3,8,4,U,12,0.1276595744680851
3,8,4,S,0,0
3,8,4,A,0,0
3,8,4,B,47,0.5
3,8,4,A/B,3,0.031914893617021274
3,8,4,AB,32,0.3404255319148936
3,8,4,E,0,0
3,9,1,U,6,0.06382978723404255
3,9,1,S,2,0.02127659574468085
3,9,1,A,0,0
3,9,1,B,35,0.3723404255319149
3,9,1,A/B,5,0.05319148936170213
3,9,1,AB,46,0.48936170212765956
3,9,1,E,0,0
3,9,2,U,10,0.10638297872340426
3,9,2,S,0,0
3,9,2,A,1,0.010638297872340425
3,9,2,B,47,0.5
3,9,2,A/B,2,0.02127659574468085
3,9,2,AB,34,0.3617021276595745
3,9,2,E,0,0
3,9,3,U,9,0.09574468085106383
3,9,3,S,0,0
3,9,3,A,0,0
3,9,3,B,30,0.3191489361702128
3,9,3,A/B,0,0
3,9,3,AB,55,0.5851063829787234
3,9,3,E,0,0
3,9,4,U,7,0.07446808510638298
3,9,4,S,0,0
3,9,4,A,0,0
3,9,4,B,39,0.4148936170212766
3,9,4,A/B,2,0.02127659574468085
3,9,4,AB,46,0.48936170212765956
3,9,4,E,0,0
3,10,1,U,8,0.0851063829787234
3,10,1,S,4,0.0425531914893617
3,10,1,A,1,0.010638297872340425
3,10,1,B,33,0.35106382978723405
3,10,1,A/B,3,0.031914893617021274
3,10,1,AB,45,0.4787234042553192
3,10,1,E,0,0
3,10,2,U,5,0.05319148936170213
3,10,2,S,2,0.02127659574468085
3,10,2,A,0,0
3,10,2,B,52,0.5531914893617021
3,10,2,A/B,7,0.07446808510638298
3,10,2,AB,28,0.2978723404255319
3,10,2,E,0,0
3,10,3,U,4,0.0425531914893617
3,10,3,S,1,0.010638297872340425
3,10,3,A,0,0
3,10,3,B,39,0.4148936170212766
3,10,3,A/B,1,0.010638297872340425
3,10,3,AB,49,0.5212765957446809
3,10,3,E,0,0
3,10,4,U,6,0.06382978723404255
3,10,4,S,0,0
3,10,4,A,0,0
3,10,4,B,48,0.5106382978723404
3,10,4,A/B,2,0.02127659574468085
3,10,4,AB,38,0.40425531914893614
3,10,4,E,0,0
3,11,1,U,9,0.09574468085106383
3,11,1,S,5,0.05319148936170213
3,11,1,A,1,0.010638297872340425
3,11,1,B,28,0.2978723404255319
3,11,1,A/B,2,0.02127659574468085
3,11,1,AB,49,0.5212765957446809
3,11,1,E,0,0
3,11,2,U,5,0.05319148936170213
3,11,2,S,3,0.031914893617021274
3,11,2,A,1,0.010638297872340425
3,11,2,B,48,0.5106382978723404
3,11,2,A/B,2,0.02127659574468085
3,11,2,AB,35,0.3723404255319149
3,11,2,E,0,0
3,11,3,U,7,0.07446808510638298
3,11,3,S,4,0.0425531914893617
3,11,3,A,0,0
3,11,3,B,29,0.30851063829787234
3,11,3,A/B,5,0.05319148936170213
3,11,3,AB,49,0.5212765957446809
3,11,3,E,0,0
3,11,4,U,7,0.07446808510638298
3,11,4,S,5,0.05319148936170213
3,11,4,A,0,0
3,11,4,B,33,0.35106382978723405
3,11,4,A/B,4,0.0425531914893617
3,11,4,AB,45,0.4787234042553192
3,11,4,E,0,0
3,12,1,U,9,0.09574468085106383
3,12,1,S,4,0.0425531914893617
3,12,1,A,1,0.010638297872340425
3,12,1,B,3,0.031914893617021274
3,12,1,A/B,1,0.010638297872340425
3,12,1,AB,76,0.8085106382978723
3,12,1,E,0,0
3,12,2,U,9,0.09574468085106383
3,12,2,S,1,0.010638297872340425
3,12,2,A,1,0.010638297872340425
3,12,2,B,2,0.02127659574468085
3,12,2,A/B,0,0
3,12,2,AB,81,0.8617021276595744
3,12,2,E,0,0
3,12,3,U,5,0.05319148936170213
3,12,3,S,5,0.05319148936170213
3,12,3,A,0,0
3,12,3,B,1,0.010638297872340425
3,12,3,A/B,0,0
3,12,3,AB,83,0.8829787234042553
3,12,3,E,0,0
3,12,4,U,6,0.06382978723404255
3,12,4,S,3,0.031914893617021274
3,12,4,A,0,0
3,12,4,B,4,0.0425531914893617
3,12,4,A/B,0,0
3,12,4,AB,81,0.8617021276595744
3,12,4,E,0,0
3,13,1,U,13,0.13829787234042554
3,13,1,S,0,0
3,13,1,A,0,0
3,13,1,B,26,0.2765957446808511
3,13,1,A/B,8,0.0851063829787234
3,13,1,AB,47,0.5
3,13,1,E,0,0
3,13,2,U,10,0.10638297872340426
3,13,2,S,0,0
3,13,2,A,1,0.010638297872340425
3,13,2,B,42,0.44680851063829785
3,13,2,A/B,1,0.010638297872340425
3,13,2,AB,40,0.425531914893617
3,13,2,E,0,0
3,13,3,U,6,0.06382978723404255
3,13,3,S,1,0.010638297872340425
3,13,3,A,0,0
3,13,3,B,33,0.35106382978723405
3,13,3,A/B,2,0.02127659574468085
3,13,3,AB,52,0.5531914893617021
3,13,3,E,0,0
3,13,4,U,10,0.10638297872340426
3,13,4,S,2,0.02127659574468085
3,13,4,A,1,0.010638297872340425
3,13,4,B,33,0.35106382978723405
3,13,4,A/B,2,0.02127659574468085
3,13,4,AB,46,0.48936170212765956
3,13,4,E,0,0
3,14,1,U,6,0.06382978723404255
3,14,1,S,2,0.02127659574468085
3,14,1,A,0,0
3,14,1,B,31,0.32978723404255317
3,14,1,A/B,12,0.1276595744680851
3,14,1,AB,43,0.4574468085106383
3,14,1,E,0,0
3,14,2,U,6,0.06382978723404255
3,14,2,S,2,0.02127659574468085
3,14,2,A,0,0
3,14,2,B,25,0.26595744680851063
3,14,2,A/B,17,0.18085106382978725
3,14,2,AB,44,0.46808510638297873
3,14,2,E,0,0
3,14,3,U,3,0.031914893617021274
3,14,3,S,0,0
3,14,3,A,0,0
3,14,3,B,23,0.24468085106382978
3,14,3,A/B,35,0.3723404255319149
3,14,3,AB,33,0.35106382978723405
3,14,3,E,0,0
3,14,4,U,6,0.06382978723404255
3,14,4,S,0,0
3,14,4,A,0,0
3,14,4,B,24,0.2553191489361702
3,14,4,A/B,30,0.3191489361702128
3,14,4,AB,34,0.3617021276595745
3,14,4,E,0,0
3,15,1,U,17,0.18085106382978725
3,15,1,S,3,0.031914893617021274
3,15,1,A,1,0.010638297872340425
3,15,1,B,20,0.2127659574468085
3,15,1,A/B,4,0.0425531914893617
3,15,1,AB,49,0.5212765957446809
3,15,1,E,0,0
3,15,2,U,18,0.19148936170212766
3,15,2,S,1,0.010638297872340425
3,15,2,A,0,0
3,15,2,B,27,0.2872340425531915
3,15,2,A/B,2,0.02127659574468085
3,15,2,AB,46,0.48936170212765956
3,15,2,E,0,0
3,15,3,U,8,0.0851063829787234
3,15,3,S,0,0
3,15,3,A,0,0
3,15,3,B,31,0.32978723404255317
3,15,3,A/B,0,0
3,15,3,AB,55,0.5851063829787234
3,15,3,E,0,0
3,15,4,U,14,0.14893617021276595
3,15,4,S,5,0.05319148936170213
3,15,4,A,1,0.010638297872340425
3,15,4,B,20,0.2127659574468085
3,15,4,A/B,1,0.010638297872340425
3,15,4,AB,53,0.5638297872340425
3,15,4,E,0,0
3,16,1,U,6,0.06382978723404255
3,16,1,S,0,0
3,16,1,A,0,0
3,16,1,B,22,0.23404255319148937
3,16,1,A/B,4,0.0425531914893617
3,16,1,AB,62,0.6595744680851063
3,16,1,E,0,0
3,16,2,U,7,0.07446808510638298
3,16,2,S,2,0.02127659574468085
3,16,2,A,1,0.010638297872340425
3,16,2,B,26,0.2765957446808511
3,16,2,A/B,2,0.02127659574468085
3,16,2,AB,56,0.5957446808510638
3,16,2,E,0,0
3,16,3,U,5,0.05319148936170213
3,16,3,S,0,0
3,16,3,A,1,0.010638297872340425
3,16,3,B,21,0.22340425531914893
3,16,3,A/B,2,0.02127659574468085
3,16,3,AB,65,0.6914893617021277
3,16,3,E,0,0
3,16,4,U,8,0.0851063829787234
3,16,4,S,0,0
3,16,4,A,1,0.010638297872340425
3,16,4,B,26,0.2765957446808511
3,16,4,A/B,2,0.02127659574468085
3,16,4,AB,57,0.6063829787234043
3,16,4,E,0,0
3,17,1,U,7,0.07446808510638298
3,17,1,S,4,0.0425531914893617
3,17,1,A,0,0
3,17,1,B,20,0.2127659574468085
3,17,1,A/B,4,0.0425531914893617
3,17,1,AB,59,0.6276595744680851
3,17,1,E,0,0
3,17,2,U,12,0.1276595744680851
3,17,2,S,3,0.031914893617021274
3,17,2,A,2,0.02127659574468085
3,17,2,B,28,0.2978723404255319
3,17,2,A/B,0,0
3,17,2,AB,49,0.5212765957446809
3,17,2,E,0,0
3,17,3,U,0,0
3,17,3,S,3,0.031914893617021274
3,17,3,A,0,0
3,17,3,B,29,0.30851063829787234
3,17,3,A/B,0,0
3,17,3,AB,62,0.6595744680851063
3,17,3,E,0,0
3,17,4,U,7,0.07446808510638298
3,17,4,S,0,0
3,17,4,A,0,0
3,17,4,B,28,0.2978723404255319
3,17,4,A/B,3,0.031914893617021274
3,17,4,AB,56,0.5957446808510638
3,17,4,E,0,0
3,18,1,U,19,0.20212765957446807
3,18,1,S,3,0.031914893617021274
3,18,1,A,2,0.02127659574468085
3,18,1,B,16,0.1702127659574468
3,18,1,A/B,1,0.010638297872340425
3,18,1,AB,53,0.5638297872340425
3,18,1,E,0,0
3,18,2,U,23,0.24468085106382978
3,18,2,S,5,0.05319148936170213
3,18,2,A,0,0
3,18,2,B,19,0.20212765957446807
3,18,2,A/B,1,0.010638297872340425
3,18,2,AB,46,0.48936170212765956
3,18,2,E,0,0
3,18,3,U,15,0.1595744680851064
3,18,3,S,6,0.06382978723404255
3,18,3,A,0,0
3,18,3,B,14,0.14893617021276595
3,18,3,A/B,0,0
3,18,3,AB,59,0.6276595744680851
3,18,3,E,0,0
3,18,4,U,14,0.14893617021276595
3,18,4,S,13,0.13829787234042554
3,18,4,A,2,0.02127659574468085
3,18,4,B,15,0.1595744680851064
3,18,4,A/B,0,0
3,18,4,AB,50,0.5319148936170213
3,18,4,E,0,0
3,19,1,U,19,0.20212765957446807
3,19,1,S,7,0.07446808510638298
3,19,1,A,2,0.02127659574468085
3,19,1,B,16,0.1702127659574468
3,19,1,A/B,2,0.02127659574468085
3,19,1,AB,48,0.5106382978723404
3,19,1,E,0,0
3,19,2,U,19,0.20212765957446807
3,19,2,S,9,0.09574468085106383
3,19,2,A,1,0.010638297872340425
3,19,2,B,26,0.2765957446808511
3,19,2,A/B,2,0.02127659574468085
3,19,2,AB,37,0.39361702127659576
3,19,2,E,0,0
3,19,3,U,15,0.1595744680851064
3,19,3,S,6,0.06382978723404255
3,19,3,A,1,0.010638297872340425
3,19,3,B,21,0.22340425531914893
3,19,3,A/B,0,0
3,19,3,AB,51,0.5425531914893617
3,19,3,E,0,0
3,19,4,U,16,0.1702127659574468
3,19,4,S,12,0.1276595744680851
3,19,4,A,2,0.02127659574468085
3,19,4,B,19,0.20212765957446807
3,19,4,A/B,1,0.010638297872340425
3,19,4,AB,44,0.46808510638297873
3,19,4,E,0,0
3,20,1,U,10,0.10638297872340426
3,20,1,S,1,0.010638297872340425
3,20,1,A,2,0.02127659574468085
3,20,1,B,9,0.09574468085106383
3,20,1,A/B,1,0.010638297872340425
3,20,1,AB,71,0.7553191489361702
3,20,1,E,0,0
3,20,2,U,9,0.09574468085106383
3,20,2,S,1,0.010638297872340425
3,20,2,A,2,0.02127659574468085
3,20,2,B,10,0.10638297872340426
3,20,2,A/B,1,0.010638297872340425
3,20,2,AB,71,0.7553191489361702
3,20,2,E,0,0
3,20,3,U,9,0.09574468085106383
3,20,3,S,1,0.010638297872340425
3,20,3,A,0,0
3,20,3,B,5,0.05319148936170213
3,20,3,A/B,4,0.0425531914893617
3,20,3,AB,75,0.7978723404255319
3,20,3,E,0,0
3,20,4,U,12,0.1276595744680851
3,20,4,S,0,0
3,20,4,A,2,0.02127659574468085
3,20,4,B,10,0.10638297872340426
3,20,4,A/B,3,0.031914893617021274
3,20,4,AB,67,0.7127659574468085
3,20,4,E,0,0
3,21,1,U,5,0.05319148936170213
3,21,1,S,4,0.0425531914893617
3,21,1,A,0,0
3,21,1,B,22,0.23404255319148937
3,21,1,A/B,1,0.010638297872340425
3,21,1,AB,62,0.6595744680851063
3,21,1,E,0,0
3,21,2,U,11,0.11702127659574468
3,21,2,S,5,0.05319148936170213
3,21,2,A,2,0.02127659574468085
3,21,2,B,18,0.19148936170212766
3,21,2,A/B,3,0.031914893617021274
3,21,2,AB,55,0.5851063829787234
3,21,2,E,0,0
3,21,3,U,6,0.06382978723404255
3,21,3,S,0,0
3,21,3,A,0,0
3,21,3,B,26,0.2765957446808511
3,21,3,A/B,1,0.010638297872340425
3,21,3,AB,61,0.648936170212766
3,21,3,E,0,0
3,21,4,U,9,0.09574468085106383
3,21,4,S,0,0
3,21,4,A,0,0
3,21,4,B,24,0.2553191489361702
3,21,4,A/B,4,0.0425531914893617
3,21,4,AB,57,0.6063829787234043
3,21,4,E,0,0
3,22,1,U,10,0.10638297872340426
3,22,1,S,6,0.06382978723404255
3,22,1,A,2,0.02127659574468085
3,22,1,B,19,0.20212765957446807
3,22,1,A/B,2,0.02127659574468085
3,22,1,AB,55,0.5851063829787234
3,22,1,E,0,0
3,22,2,U,15,0.1595744680851064
3,22,2,S,7,0.07446808510638298
3,22,2,A,4,0.0425531914893617
3,22,2,B,17,0.18085106382978725
3,22,2,A/B,1,0.010638297872340425
3,22,2,AB,50,0.5319148936170213
3,22,2,E,0,0
3,22,3,U,6,0.06382978723404255
3,22,3,S,4,0.0425531914893617
3,22,3,A,0,0
3,22,3,B,28,0.2978723404255319
3,22,3,A/B,0,0
3,22,3,AB,56,0.5957446808510638
3,22,3,E,0,0
3,22,4,U,9,0.09574468085106383
3,22,4,S,6,0.06382978723404255
3,22,4,A,4,0.0425531914893617
3,22,4,B,25,0.26595744680851063
3,22,4,A/B,1,0.010638297872340425
3,22,4,AB,49,0.5212765957446809
3,22,4,E,0,0
4,0,1,U,16,0.1702127659574468
4,0,1,S,53,0.5638297872340425
4,0,1,A,10,0.10638297872340426
4,0,1,B,10,0.10638297872340426
4,0,1,A/B,0,0
4,0,1,AB,5,0.05319148936170213
4,0,1,E,0,0
4,0,2,U,12,0.1276595744680851
4,0,2,S,51,0.5425531914893617
4,0,2,A,12,0.1276595744680851
4,0,2,B,12,0.1276595744680851
4,0,2,A/B,0,0
4,0,2,AB,7,0.07446808510638298
4,0,2,E,0,0
4,0,3,U,15,0.1595744680851064
4,0,3,S,52,0.5531914893617021
4,0,3,A,1,0.010638297872340425
4,0,3,B,6,0.06382978723404255
4,0,3,A/B,5,0.05319148936170213
4,0,3,AB,15,0.1595744680851064
4,0,3,E,0,0
4,0,4,U,10,0.10638297872340426
4,0,4,S,55,0.5851063829787234
4,0,4,A,11,0.11702127659574468
4,0,4,B,13,0.13829787234042554
4,0,4,A/B,0,0
4,0,4,AB,5,0.05319148936170213
4,0,4,E,0,0
4,1,1,U,81,0.8617021276595744
4,1,1,S,0,0
4,1,1,A,2,0.02127659574468085
4,1,1,B,0,0
4,1,1,A/B,0,0
4,1,1,AB,11,0.11702127659574468
4,1,1,E,0,0
4,1,2,U,81,0.8617021276595744
4,1,2,S,0,0
4,1,2,A,3,0.031914893617021274
4,1,2,B,0,0
4,1,2,A/B,0,0
4,1,2,AB,10,0.10638297872340426
4,1,2,E,0,0
4,1,3,U,64,0.6808510638297872
4,1,3,S,2,0.02127659574468085
4,1,3,A,0,0
4,1,3,B,5,0.05319148936170213
4,1,3,A/B,0,0
4,1,3,AB,23,0.24468085106382978
4,1,3,E,0,0
4,1,4,U,81,0.8617021276595744
4,1,4,S,1,0.010638297872340425
4,1,4,A,2,0.02127659574468085
4,1,4,B,1,0.010638297872340425
4,1,4,A/B,0,0
4,1,4,AB,9,0.09574468085106383
4,1,4,E,0,0
4,2,1,U,82,0.8723404255319149
4,2,1,S,0,0
4,2,1,A,1,0.010638297872340425
4,2,1,B,0,0
4,2,1,A/B,0,0
4,2,1,AB,11,0.11702127659574468
4,2,1,E,0,0
4,2,2,U,83,0.8829787234042553
4,2,2,S,0,0
4,2,2,A,1,0.010638297872340425
4,2,2,B,0,0
4,2,2,A/B,0,0
4,2,2,AB,10,0.10638297872340426
4,2,2,E,0,0
4,2,3,U,65,0.6914893617021277
4,2,3,S,0,0
4,2,3,A,1,0.010638297872340425
4,2,3,B,3,0.031914893617021274
4,2,3,A/B,0,0
4,2,3,AB,25,0.26595744680851063
4,2,3,E,0,0
4,2,4,U,83,0.8829787234042553
4,2,4,S,0,0
4,2,4,A,1,0.010638297872340425
4,2,4,B,0,0
4,2,4,A/B,0,0
4,2,4,AB,10,0.10638297872340426
4,2,4,E,0,0
4,3,1,U,71,0.7553191489361702
4,3,1,S,1,0.010638297872340425
4,3,1,A,0,0
4,3,1,B,0,0
4,3,1,A/B,0,0
4,3,1,AB,22,0.23404255319148937
4,3,1,E,0,0
4,3,2,U,72,0.7659574468085106
4,3,2,S,0,0
4,3,2,A,6,0.06382978723404255
4,3,2,B,0,0
4,3,2,A/B,0,0
4,3,2,AB,16,0.1702127659574468
4,3,2,E,0,0
4,3,3,U,59,0.6276595744680851
4,3,3,S,1,0.010638297872340425
4,3,3,A,5,0.05319148936170213
4,3,3,B,2,0.02127659574468085
4,3,3,A/B,0,0
4,3,3,AB,27,0.2872340425531915
4,3,3,E,0,0
4,3,4,U,75,0.7978723404255319
4,3,4,S,0,0
4,3,4,A,6,0.06382978723404255
4,3,4,B,0,0
4,3,4,A/B,0,0
4,3,4,AB,13,0.13829787234042554
4,3,4,E,0,0
4,4,1,U,63,0.6702127659574468
4,4,1,S,0,0
4,4,1,A,0,0
4,4,1,B,0,0
4,4,1,A/B,0,0
4,4,1,AB,31,0.32978723404255317
4,4,1,E,0,0
4,4,2,U,68,0.723404255319149
4,4,2,S,0,0
4,4,2,A,0,0
4,4,2,B,0,0
4,4,2,A/B,0,0
4,4,2,AB,26,0.2765957446808511
4,4,2,E,0,0
4,4,3,U,57,0.6063829787234043
4,4,3,S,0,0
4,4,3,A,0,0
4,4,3,B,0,0
4,4,3,A/B,0,0
4,4,3,AB,37,0.39361702127659576
4,4,3,E,0,0
4,4,4,U,70,0.7446808510638298
4,4,4,S,0,0
4,4,4,A,1,0.010638297872340425
4,4,4,B,0,0
4,4,4,A/B,0,0
4,4,4,AB,23,0.24468085106382978
4,4,4,E,0,0
4,5,1,U,56,0.5957446808510638
4,5,1,S,0,0
4,5,1,A,0,0
4,5,1,B,0,0
4,5,1,A/B,0,0
4,5,1,AB,38,0.40425531914893614
4,5,1,E,0,0
4,5,2,U,63,0.6702127659574468
4,5,2,S,0,0
4,5,2,A,0,0
4,5,2,B,0,0
4,5,2,A/B,0,0
4,5,2,AB,31,0.32978723404255317
4,5,2,E,0,0
4,5,3,U,54,0.574468085106383
4,5,3,S,0,0
4,5,3,A,0,0
4,5,3,B,0,0
4,5,3,A/B,0,0
4,5,3,AB,40,0.425531914893617
4,5,3,E,0,0
4,5,4,U,65,0.6914893617021277
4,5,4,S,0,0
4,5,4,A,0,0
4,5,4,B,0,0
4,5,4,A/B,0,0
4,5,4,AB,29,0.30851063829787234
4,5,4,E,0,0
4,6,1,U,58,0.6170212765957447
4,6,1,S,0,0
4,6,1,A,0,0
4,6,1,B,0,0
4,6,1,A/B,0,0
4,6,1,AB,36,0.3829787234042553
4,6,1,E,0,0
4,6,2,U,62,0.6595744680851063
4,6,2,S,0,0
4,6,2,A,1,0.010638297872340425
4,6,2,B,0,0
4,6,2,A/B,0,0
4,6,2,AB,31,0.32978723404255317
4,6,2,E,0,0
4,6,3,U,54,0.574468085106383
4,6,3,S,0,0
4,6,3,A,0,0
4,6,3,B,0,0
4,6,3,A/B,0,0
4,6,3,AB,40,0.425531914893617
4,6,3,E,0,0
4,6,4,U,66,0.7021276595744681
4,6,4,S,0,0
4,6,4,A,1,0.010638297872340425
4,6,4,B,0,0
4,6,4,A/B,0,0
4,6,4,AB,27,0.2872340425531915
4,6,4,E,0,0
4,7,1,U,39,0.4148936170212766
4,7,1,S,0,0
4,7,1,A,3,0.031914893617021274
4,7,1,B,0,0
4,7,1,A/B,0,0
4,7,1,AB,52,0.5531914893617021
4,7,1,E,0,0
4,7,2,U,40,0.425531914893617
4,7,2,S,1,0.010638297872340425
4,7,2,A,2,0.02127659574468085
4,7,2,B,0,0
4,7,2,A/B,0,0
4,7,2,AB,51,0.5425531914893617
4,7,2,E,0,0
4,7,3,U,34,0.3617021276595745
4,7,3,S,0,0
4,7,3,A,0,0
4,7,3,B,0,0
4,7,3,A/B,0,0
4,7,3,AB,60,0.6382978723404256
4,7,3,E,0,0
4,7,4,U,43,0.4574468085106383
4,7,4,S,0,0
4,7,4,A,4,0.0425531914893617
4,7,4,B,0,0
4,7,4,A/B,0,0
4,7,4,AB,47,0.5
4,7,4,E,0,0
4,8,1,U,40,0.425531914893617
4,8,1,S,0,0
4,8,1,A,2,0.02127659574468085
4,8,1,B,0,0
4,8,1,A/B,0,0
4,8,1,AB,52,0.5531914893617021
4,8,1,E,0,0
4,8,2,U,44,0.46808510638297873
4,8,2,S,0,0
4,8,2,A,1,0.010638297872340425
4,8,2,B,0,0
4,8,2,A/B,0,0
4,8,2,AB,49,0.5212765957446809
4,8,2,E,0,0
4,8,3,U,37,0.39361702127659576
4,8,3,S,0,0
4,8,3,A,0,0
4,8,3,B,0,0
4,8,3,A/B,0,0
4,8,3,AB,57,0.6063829787234043
4,8,3,E,0,0
4,8,4,U,46,0.48936170212765956
4,8,4,S,2,0.02127659574468085
4,8,4,A,3,0.031914893617021274
4,8,4,B,1,0.010638297872340425
4,8,4,A/B,0,0
4,8,4,AB,42,0.44680851063829785
4,8,4,E,0,0
4,9,1,U,32,0.3404255319148936
4,9,1,S,0,0
4,9,1,A,1,0.010638297872340425
4,9,1,B,1,0.010638297872340425
4,9,1,A/B,0,0
4,9,1,AB,60,0.6382978723404256
4,9,1,E,0,0
4,9,2,U,35,0.3723404255319149
4,9,2,S,0,0
4,9,2,A,1,0.010638297872340425
4,9,2,B,1,0.010638297872340425
4,9,2,A/B,0,0
4,9,2,AB,57,0.6063829787234043
4,9,2,E,0,0
4,9,3,U,30,0.3191489361702128
4,9,3,S,0,0
4,9,3,A,0,0
4,9,3,B,0,0
4,9,3,A/B,0,0
4,9,3,AB,64,0.6808510638297872
4,9,3,E,0,0
4,9,4,U,36,0.3829787234042553
4,9,4,S,2,0.02127659574468085
4,9,4,A,0,0
4,9,4,B,2,0.02127659574468085
4,9,4,A/B,0,0
4,9,4,AB,54,0.574468085106383
4,9,4,E,0,0
4,10,1,U,34,0.3617021276595745
4,10,1,S,0,0
4,10,1,A,1,0.010638297872340425
4,10,1,B,0,0
4,10,1,A/B,0,0
4,10,1,AB,59,0.6276595744680851
4,10,1,E,0,0
4,10,2,U,37,0.39361702127659576
4,10,2,S,0,0
4,10,2,A,1,0.010638297872340425
4,10,2,B,0,0
4,10,2,A/B,0,0
4,10,2,AB,56,0.5957446808510638
4,10,2,E,0,0
4,10,3,U,31,0.32978723404255317
4,10,3,S,0,0
4,10,3,A,0,0
4,10,3,B,0,0
4,10,3,A/B,0,0
4,10,3,AB,63,0.6702127659574468
4,10,3,E,0,0
4,10,4,U,42,0.44680851063829785
4,10,4,S,0,0
4,10,4,A,2,0.02127659574468085
4,10,4,B,0,0
4,10,4,A/B,0,0
4,10,4,AB,50,0.5319148936170213
4,10,4,E,0,0
4,11,1,U,30,0.3191489361702128
4,11,1,S,0,0
4,11,1,A,2,0.02127659574468085
4,11,1,B,0,0
4,11,1,A/B,0,0
4,11,1,AB,62,0.6595744680851063
4,11,1,E,0,0
4,11,2,U,30,0.3191489361702128
4,11,2,S,0,0
4,11,2,A,2,0.02127659574468085
4,11,2,B,0,0
4,11,2,A/B,0,0
4,11,2,AB,62,0.6595744680851063
4,11,2,E,0,0
4,11,3,U,29,0.30851063829787234
4,11,3,S,0,0
4,11,3,A,0,0
4,11,3,B,0,0
4,11,3,A/B,0,0
4,11,3,AB,65,0.6914893617021277
4,11,3,E,0,0
4,11,4,U,38,0.40425531914893614
4,11,4,S,0,0
4,11,4,A,1,0.010638297872340425
4,11,4,B,0,0
4,11,4,A/B,0,0
4,11,4,AB,55,0.5851063829787234
4,11,4,E,0,0
4,12,1,U,29,0.30851063829787234
4,12,1,S,0,0
4,12,1,A,0,0
4,12,1,B,0,0
4,12,1,A/B,0,0
4,12,1,AB,65,0.6914893617021277
4,12,1,E,0,0
4,12,2,U,29,0.30851063829787234
4,12,2,S,0,0
4,12,2,A,0,0
4,12,2,B,0,0
4,12,2,A/B,0,0
4,12,2,AB,65,0.6914893617021277
4,12,2,E,0,0
4,12,3,U,29,0.30851063829787234
4,12,3,S,0,0
4,12,3,A,0,0
4,12,3,B,0,0
4,12,3,A/B,0,0
4,12,3,AB,65,0.6914893617021277
4,12,3,E,0,0
4,12,4,U,37,0.39361702127659576
4,12,4,S,0,0
4,12,4,A,0,0
4,12,4,B,0,0
4,12,4,A/B,0,0
4,12,4,AB,57,0.6063829787234043
4,12,4,E,0,0
4,13,1,U,30,0.3191489361702128
4,13,1,S,0,0
4,13,1,A,1,0.010638297872340425
4,13,1,B,0,0
4,13,1,A/B,0,0
4,13,1,AB,63,0.6702127659574468
4,13,1,E,0,0
4,13,2,U,29,0.30851063829787234
4,13,2,S,2,0.02127659574468085
4,13,2,A,1,0.010638297872340425
4,13,2,B,0,0
4,13,2,A/B,0,0
4,13,2,AB,62,0.6595744680851063
4,13,2,E,0,0
4,13,3,U,32,0.3404255319148936
4,13,3,S,0,0
4,13,3,A,0,0
4,13,3,B,0,0
4,13,3,A/B,0,0
4,13,3,AB,62,0.6595744680851063
4,13,3,E,0,0
4,13,4,U,38,0.40425531914893614
4,13,4,S,0,0
4,13,4,A,2,0.02127659574468085
4,13,4,B,0,0
4,13,4,A/B,0,0
4,13,4,AB,54,0.574468085106383
4,13,4,E,0,0
4,14,1,U,20,0.2127659574468085
4,14,1,S,0,0
4,14,1,A,2,0.02127659574468085
4,14,1,B,0,0
4,14,1,A/B,0,0
4,14,1,AB,72,0.7659574468085106
4,14,1,E,0,0
4,14,2,U,24,0.2553191489361702
4,14,2,S,0,0
4,14,2,A,2,0.02127659574468085
4,14,2,B,0,0
4,14,2,A/B,0,0
4,14,2,AB,68,0.723404255319149
4,14,2,E,0,0
4,14,3,U,28,0.2978723404255319
4,14,3,S,0,0
4,14,3,A,0,0
4,14,3,B,0,0
4,14,3,A/B,0,0
4,14,3,AB,66,0.7021276595744681
4,14,3,E,0,0
4,14,4,U,28,0.2978723404255319
4,14,4,S,0,0
4,14,4,A,0,0
4,14,4,B,0,0
4,14,4,A/B,0,0
4,14,4,AB,66,0.7021276595744681
4,14,4,E,0,0
4,15,1,U,24,0.2553191489361702
4,15,1,S,0,0
4,15,1,A,2,0.02127659574468085
4,15,1,B,2,0.02127659574468085
4,15,1,A/B,0,0
4,15,1,AB,66,0.7021276595744681
4,15,1,E,0,0
4,15,2,U,25,0.26595744680851063
4,15,2,S,0,0
4,15,2,A,0,0
4,15,2,B,0,0
4,15,2,A/B,0,0
4,15,2,AB,69,0.7340425531914894
4,15,2,E,0,0
4,15,3,U,31,0.32978723404255317
4,15,3,S,0,0
4,15,3,A,0,0
4,15,3,B,0,0
4,15,3,A/B,0,0
4,15,3,AB,63,0.6702127659574468
4,15,3,E,0,0
4,15,4,U,33,0.35106382978723405
4,15,4,S,0,0
4,15,4,A,0,0
4,15,4,B,1,0.010638297872340425
4,15,4,A/B,0,0
4,15,4,AB,60,0.6382978723404256
4,15,4,E,0,0
4,16,1,U,25,0.26595744680851063
4,16,1,S,0,0
4,16,1,A,0,0
4,16,1,B,0,0
4,16,1,A/B,0,0
4,16,1,AB,69,0.7340425531914894
4,16,1,E,0,0
4,16,2,U,25,0.26595744680851063
4,16,2,S,0,0
4,16,2,A,1,0.010638297872340425
4,16,2,B,0,0
4,16,2,A/B,0,0
4,16,2,AB,68,0.723404255319149
4,16,2,E,0,0
4,16,3,U,26,0.2765957446808511
4,16,3,S,0,0
4,16,3,A,0,0
4,16,3,B,0,0
4,16,3,A/B,0,0
4,16,3,AB,68,0.723404255319149
4,16,3,E,0,0
4,16,4,U,29,0.30851063829787234
4,16,4,S,0,0
4,16,4,A,2,0.02127659574468085
4,16,4,B,0,0
4,16,4,A/B,0,0
4,16,4,AB,63,0.6702127659574468
4,16,4,E,0,0
4,17,1,U,24,0.2553191489361702
4,17,1,S,0,0
4,17,1,A,1,0.010638297872340425
4,17,1,B,1,0.010638297872340425
4,17,1,A/B,0,0
4,17,1,AB,68,0.723404255319149
4,17,1,E,0,0
4,17,2,U,24,0.2553191489361702
4,17,2,S,0,0
4,17,2,A,2,0.02127659574468085
4,17,2,B,0,0
4,17,2,A/B,0,0
4,17,2,AB,68,0.723404255319149
4,17,2,E,0,0
4,17,3,U,28,0.2978723404255319
4,17,3,S,0,0
4,17,3,A,1,0.010638297872340425
4,17,3,B,0,0
4,17,3,A/B,0,0
4,17,3,AB,65,0.6914893617021277
4,17,3,E,0,0
4,17,4,U,27,0.2872340425531915
4,17,4,S,0,0
4,17,4,A,3,0.031914893617021274
4,17,4,B,0,0
4,17,4,A/B,0,0
4,17,4,AB,64,0.6808510638297872
4,17,4,E,0,0
4,18,1,U,27,0.2872340425531915
4,18,1,S,0,0
4,18,1,A,3,0.031914893617021274
4,18,1,B,0,0
4,18,1,A/B,0,0
4,18,1,AB,64,0.6808510638297872
4,18,1,E,0,0
4,18,2,U,30,0.3191489361702128
4,18,2,S,0,0
4,18,2,A,1,0.010638297872340425
4,18,2,B,0,0
4,18,2,A/B,0,0
4,18,2,AB,63,0.6702127659574468
4,18,2,E,0,0
4,18,3,U,27,0.2872340425531915
4,18,3,S,0,0
4,18,3,A,2,0.02127659574468085
4,18,3,B,0,0
4,18,3,A/B,0,0
4,18,3,AB,65,0.6914893617021277
4,18,3,E,0,0
4,18,4,U,31,0.32978723404255317
4,18,4,S,1,0.010638297872340425
4,18,4,A,1,0.010638297872340425
4,18,4,B,0,0
4,18,4,A/B,0,0
4,18,4,AB,61,0.648936170212766
4,18,4,E,0,0
4,19,1,U,3,0.031914893617021274
4,19,1,S,25,0.26595744680851063
4,19,1,A,5,0.05319148936170213
4,19,1,B,5,0.05319148936170213
4,19,1,A/B,0,0
4,19,1,AB,56,0.5957446808510638
4,19,1,E,0,0
4,19,2,U,4,0.0425531914893617
4,19,2,S,14,0.14893617021276595
4,19,2,A,16,0.1702127659574468
4,19,2,B,5,0.05319148936170213
4,19,2,A/B,4,0.0425531914893617
4,19,2,AB,51,0.5425531914893617
4,19,2,E,0,0
4,19,3,U,2,0.02127659574468085
4,19,3,S,13,0.13829787234042554
4,19,3,A,17,0.18085106382978725
4,19,3,B,7,0.07446808510638298
4,19,3,A/B,0,0
4,19,3,AB,55,0.5851063829787234
4,19,3,E,0,0
4,19,4,U,3,0.031914893617021274
4,19,4,S,24,0.2553191489361702
4,19,4,A,10,0.10638297872340426
4,19,4,B,3,0.031914893617021274
4,19,4,A/B,1,0.010638297872340425
4,19,4,AB,53,0.5638297872340425
4,19,4,E,0,0
4,20,1,U,11,0.11702127659574468
4,20,1,S,0,0
4,20,1,A,0,0
4,20,1,B,0,0
4,20,1,A/B,0,0
4,20,1,AB,83,0.8829787234042553
4,20,1,E,0,0
4,20,2,U,12,0.1276595744680851
4,20,2,S,0,0
4,20,2,A,2,0.02127659574468085
4,20,2,B,0,0
4,20,2,A/B,0,0
4,20,2,AB,80,0.851063829787234
4,20,2,E,0,0
4,20,3,U,17,0.18085106382978725
4,20,3,S,1,0.010638297872340425
4,20,3,A,0,0
4,20,3,B,0,0
4,20,3,A/B,0,0
4,20,3,AB,76,0.8085106382978723
4,20,3,E,0,0
4,20,4,U,11,0.11702127659574468
4,20,4,S,0,0
4,20,4,A,2,0.02127659574468085
4,20,4,B,0,0
4,20,4,A/B,0,0
4,20,4,AB,81,0.8617021276595744
4,20,4,E,0,0
4,21,1,U,21,0.22340425531914893
4,21,1,S,0,0
4,21,1,A,0,0
4,21,1,B,0,0
4,21,1,A/B,0,0
4,21,1,AB,73,0.776595744680851
4,21,1,E,0,0
4,21,2,U,25,0.26595744680851063
4,21,2,S,0,0
4,21,2,A,0,0
4,21,2,B,0,0
4,21,2,A/B,0,0
4,21,2,AB,69,0.7340425531914894
4,21,2,E,0,0
4,21,3,U,29,0.30851063829787234
4,21,3,S,0,0
4,21,3,A,0,0
4,21,3,B,0,0
4,21,3,A/B,0,0
4,21,3,AB,65,0.6914893617021277
4,21,3,E,0,0
4,21,4,U,24,0.2553191489361702
4,21,4,S,0,0
4,21,4,A,2,0.02127659574468085
4,21,4,B,0,0
4,21,4,A/B,0,0
4,21,4,AB,68,0.723404255319149
4,21,4,E,0,0
4,22,1,U,25,0.26595744680851063
4,22,1,S,0,0
4,22,1,A,3,0.031914893617021274
4,22,1,B,0,0
4,22,1,A/B,0,0
4,22,1,AB,66,0.7021276595744681
4,22,1,E,0,0
4,22,2,U,33,0.35106382978723405
4,22,2,S,0,0
4,22,2,A,3,0.031914893617021274
4,22,2,B,0,0
4,22,2,A/B,0,0
4,22,2,AB,58,0.6170212765957447
4,22,2,E,0,0
4,22,3,U,33,0.35106382978723405
4,22,3,S,0,0
4,22,3,A,0,0
4,22,3,B,0,0
4,22,3,A/B,0,0
4,22,3,AB,61,0.648936170212766
4,22,3,E,0,0
4,22,4,U,32,0.3404255319148936
4,22,4,S,0,0
4,22,4,A,4,0.0425531914893617
4,22,4,B,0,0
4,22,4,A/B,0,0
4,22,4,AB,58,0.6170212765957447
4,22,4,E,0,0
5,0,1,U,11,0.11702127659574468
5,0,1,S,53,0.5638297872340425
5,0,1,A,9,0.09574468085106383
5,0,1,B,16,0.1702127659574468
5,0,1,A/B,0,0
5,0,1,AB,5,0.05319148936170213
5,0,1,E,0,0
5,0,2,U,12,0.1276595744680851
5,0,2,S,52,0.5531914893617021
5,0,2,A,12,0.1276595744680851
5,0,2,B,13,0.13829787234042554
5,0,2,A/B,0,0
5,0,2,AB,5,0.05319148936170213
5,0,2,E,0,0
5,0,3,U,10,0.10638297872340426
5,0,3,S,56,0.5957446808510638
5,0,3,A,0,0
5,0,3,B,4,0.0425531914893617
5,0,3,A/B,8,0.0851063829787234
5,0,3,AB,16,0.1702127659574468
5,0,3,E,0,0
5,0,4,U,12,0.1276595744680851
5,0,4,S,54,0.574468085106383
5,0,4,A,11,0.11702127659574468
5,0,4,B,11,0.11702127659574468
5,0,4,A/B,0,0
5,0,4,AB,6,0.06382978723404255
5,0,4,E,0,0
5,1,1,U,10,0.10638297872340426
5,1,1,S,0,0
5,1,1,A,72,0.7659574468085106
5,1,1,B,0,0
5,1,1,A/B,2,0.02127659574468085
5,1,1,AB,10,0.10638297872340426
5,1,1,E,0,0
5,1,2,U,8,0.0851063829787234
5,1,2,S,0,0
5,1,2,A,77,0.8191489361702128
5,1,2,B,0,0
5,1,2,A/B,1,0.010638297872340425
5,1,2,AB,8,0.0851063829787234
5,1,2,E,0,0
5,1,3,U,10,0.10638297872340426
5,1,3,S,0,0
5,1,3,A,53,0.5638297872340425
5,1,3,B,0,0
5,1,3,A/B,7,0.07446808510638298
5,1,3,AB,24,0.2553191489361702
5,1,3,E,0,0
5,1,4,U,15,0.1595744680851064
5,1,4,S,0,0
5,1,4,A,69,0.7340425531914894
5,1,4,B,0,0
5,1,4,A/B,0,0
5,1,4,AB,10,0.10638297872340426
5,1,4,E,0,0
5,2,1,U,11,0.11702127659574468
5,2,1,S,0,0
5,2,1,A,71,0.7553191489361702
5,2,1,B,0,0
5,2,1,A/B,0,0
5,2,1,AB,12,0.1276595744680851
5,2,1,E,0,0
5,2,2,U,14,0.14893617021276595
5,2,2,S,0,0
5,2,2,A,72,0.7659574468085106
5,2,2,B,0,0
5,2,2,A/B,0,0
5,2,2,AB,8,0.0851063829787234
5,2,2,E,0,0
5,2,3,U,11,0.11702127659574468
5,2,3,S,0,0
5,2,3,A,59,0.6276595744680851
5,2,3,B,0,0
5,2,3,A/B,1,0.010638297872340425
5,2,3,AB,23,0.24468085106382978
5,2,3,E,0,0
5,2,4,U,18,0.19148936170212766
5,2,4,S,0,0
5,2,4,A,66,0.7021276595744681
5,2,4,B,0,0
5,2,4,A/B,0,0
5,2,4,AB,10,0.10638297872340426
5,2,4,E,0,0
5,3,1,U,52,0.5531914893617021
5,3,1,S,4,0.0425531914893617
5,3,1,A,12,0.1276595744680851
5,3,1,B,4,0.0425531914893617
5,3,1,A/B,0,0
5,3,1,AB,22,0.23404255319148937
5,3,1,E,0,0
5,3,2,U,56,0.5957446808510638
5,3,2,S,8,0.0851063829787234
5,3,2,A,8,0.0851063829787234
5,3,2,B,4,0.0425531914893617
5,3,2,A/B,7,0.07446808510638298
5,3,2,AB,11,0.11702127659574468
5,3,2,E,0,0
5,3,3,U,52,0.5531914893617021
5,3,3,S,0,0
5,3,3,A,3,0.031914893617021274
5,3,3,B,8,0.0851063829787234
5,3,3,A/B,8,0.0851063829787234
5,3,3,AB,23,0.24468085106382978
5,3,3,E,0,0
5,3,4,U,56,0.5957446808510638
5,3,4,S,4,0.0425531914893617
5,3,4,A,8,0.0851063829787234
5,3,4,B,7,0.07446808510638298
5,3,4,A/B,4,0.0425531914893617
5,3,4,AB,15,0.1595744680851064
5,3,4,E,0,0
5,4,1,U,51,0.5425531914893617
5,4,1,S,0,0
5,4,1,A,1,0.010638297872340425
5,4,1,B,9,0.09574468085106383
5,4,1,A/B,2,0.02127659574468085
5,4,1,AB,31,0.32978723404255317
5,4,1,E,0,0
5,4,2,U,53,0.5638297872340425
5,4,2,S,0,0
5,4,2,A,3,0.031914893617021274
5,4,2,B,17,0.18085106382978725
5,4,2,A/B,0,0
5,4,2,AB,21,0.22340425531914893
5,4,2,E,0,0
5,4,3,U,41,0.43617021276595747
5,4,3,S,0,0
5,4,3,A,0,0
5,4,3,B,20,0.2127659574468085
5,4,3,A/B,0,0
5,4,3,AB,33,0.35106382978723405
5,4,3,E,0,0
5,4,4,U,47,0.5
5,4,4,S,1,0.010638297872340425
5,4,4,A,3,0.031914893617021274
5,4,4,B,18,0.19148936170212766
5,4,4,A/B,0,0
5,4,4,AB,25,0.26595744680851063
5,4,4,E,0,0
5,5,1,U,47,0.5
5,5,1,S,0,0
5,5,1,A,9,0.09574468085106383
5,5,1,B,0,0
5,5,1,A/B,1,0.010638297872340425
5,5,1,AB,37,0.39361702127659576
5,5,1,E,0,0
5,5,2,U,59,0.6276595744680851
5,5,2,S,1,0.010638297872340425
5,5,2,A,7,0.07446808510638298
5,5,2,B,1,0.010638297872340425
5,5,2,A/B,0,0
5,5,2,AB,26,0.2765957446808511
5,5,2,E,0,0
5,5,3,U,50,0.5319148936170213
5,5,3,S,2,0.02127659574468085
5,5,3,A,3,0.031914893617021274
5,5,3,B,1,0.010638297872340425
5,5,3,A/B,0,0
5,5,3,AB,38,0.40425531914893614
5,5,3,E,0,0
5,5,4,U,57,0.6063829787234043
5,5,4,S,1,0.010638297872340425
5,5,4,A,7,0.07446808510638298
5,5,4,B,0,0
5,5,4,A/B,0,0
5,5,4,AB,29,0.30851063829787234
5,5,4,E,0,0
5,6,1,U,44,0.46808510638297873
5,6,1,S,0,0
5,6,1,A,14,0.14893617021276595
5,6,1,B,0,0
5,6,1,A/B,0,0
5,6,1,AB,36,0.3829787234042553
5,6,1,E,0,0
5,6,2,U,57,0.6063829787234043
5,6,2,S,0,0
5,6,2,A,14,0.14893617021276595
5,6,2,B,0,0
5,6,2,A/B,1,0.010638297872340425
5,6,2,AB,22,0.23404255319148937
5,6,2,E,0,0
5,6,3,U,48,0.5106382978723404
5,6,3,S,0,0
5,6,3,A,6,0.06382978723404255
5,6,3,B,0,0
5,6,3,A/B,1,0.010638297872340425
5,6,3,AB,39,0.4148936170212766
5,6,3,E,0,0
5,6,4,U,53,0.5638297872340425
5,6,4,S,0,0
5,6,4,A,13,0.13829787234042554
5,6,4,B,0,0
5,6,4,A/B,0,0
5,6,4,AB,28,0.2978723404255319
5,6,4,E,0,0
5,7,1,U,38,0.40425531914893614
5,7,1,S,1,0.010638297872340425
5,7,1,A,2,0.02127659574468085
5,7,1,B,7,0.07446808510638298
5,7,1,A/B,1,0.010638297872340425
5,7,1,AB,45,0.4787234042553192
5,7,1,E,0,0
5,7,2,U,44,0.46808510638297873
5,7,2,S,2,0.02127659574468085
5,7,2,A,2,0.02127659574468085
5,7,2,B,5,0.05319148936170213
5,7,2,A/B,3,0.031914893617021274
5,7,2,AB,38,0.40425531914893614
5,7,2,E,0,0
5,7,3,U,35,0.3723404255319149
5,7,3,S,0,0
5,7,3,A,0,0
5,7,3,B,5,0.05319148936170213
5,7,3,A/B,0,0
5,7,3,AB,54,0.574468085106383
5,7,3,E,0,0
5,7,4,U,41,0.43617021276595747
5,7,4,S,2,0.02127659574468085
5,7,4,A,0,0
5,7,4,B,6,0.06382978723404255
5,7,4,A/B,2,0.02127659574468085
5,7,4,AB,43,0.4574468085106383
5,7,4,E,0,0
5,8,1,U,33,0.35106382978723405
5,8,1,S,1,0.010638297872340425
5,8,1,A,0,0
5,8,1,B,16,0.1702127659574468
5,8,1,A/B,3,0.031914893617021274
5,8,1,AB,41,0.43617021276595747
5,8,1,E,0,0
5,8,2,U,41,0.43617021276595747
5,8,2,S,0,0
5,8,2,A,1,0.010638297872340425
5,8,2,B,20,0.2127659574468085
5,8,2,A/B,0,0
5,8,2,AB,32,0.3404255319148936
5,8,2,E,0,0
5,8,3,U,29,0.30851063829787234
5,8,3,S,1,0.010638297872340425
5,8,3,A,0,0
5,8,3,B,14,0.14893617021276595
5,8,3,A/B,0,0
5,8,3,AB,50,0.5319148936170213
5,8,3,E,0,0
5,8,4,U,37,0.39361702127659576
5,8,4,S,0,0
5,8,4,A,0,0
5,8,4,B,17,0.18085106382978725
5,8,4,A/B,1,0.010638297872340425
5,8,4,AB,39,0.4148936170212766
5,8,4,E,0,0
5,9,1,U,32,0.3404255319148936
5,9,1,S,2,0.02127659574468085
5,9,1,A,1,0.010638297872340425
5,9,1,B,0,0
5,9,1,A/B,0,0
5,9,1,AB,59,0.6276595744680851
5,9,1,E,0,0
5,9,2,U,36,0.3829787234042553
5,9,2,S,0,0
5,9,2,A,2,0.02127659574468085
5,9,2,B,4,0.0425531914893617
5,9,2,A/B,0,0
5,9,2,AB,52,0.5531914893617021
5,9,2,E,0,0
5,9,3,U,26,0.2765957446808511
5,9,3,S,0,0
5,9,3,A,0,0
5,9,3,B,2,0.02127659574468085
5,9,3,A/B,0,0
5,9,3,AB,66,0.7021276595744681
5,9,3,E,0,0
5,9,4,U,33,0.35106382978723405
5,9,4,S,1,0.010638297872340425
5,9,4,A,2,0.02127659574468085
5,9,4,B,0,0
5,9,4,A/B,0,0
5,9,4,AB,58,0.6170212765957447
5,9,4,E,0,0
5,10,1,U,34,0.3617021276595745
5,10,1,S,0,0
5,10,1,A,10,0.10638297872340426
5,10,1,B,0,0
5,10,1,A/B,1,0.010638297872340425
5,10,1,AB,49,0.5212765957446809
5,10,1,E,0,0
5,10,2,U,37,0.39361702127659576
5,10,2,S,0,0
5,10,2,A,11,0.11702127659574468
5,10,2,B,0,0
5,10,2,A/B,0,0
5,10,2,AB,46,0.48936170212765956
5,10,2,E,0,0
5,10,3,U,25,0.26595744680851063
5,10,3,S,0,0
5,10,3,A,5,0.05319148936170213
5,10,3,B,0,0
5,10,3,A/B,0,0
5,10,3,AB,64,0.6808510638297872
5,10,3,E,0,0
5,10,4,U,35,0.3723404255319149
5,10,4,S,0,0
5,10,4,A,8,0.0851063829787234
5,10,4,B,0,0
5,10,4,A/B,0,0
5,10,4,AB,51,0.5425531914893617
5,10,4,E,0,0
5,11,1,U,25,0.26595744680851063
5,11,1,S,8,0.0851063829787234
5,11,1,A,2,0.02127659574468085
5,11,1,B,2,0.02127659574468085
5,11,1,A/B,2,0.02127659574468085
5,11,1,AB,55,0.5851063829787234
5,11,1,E,0,0
5,11,2,U,29,0.30851063829787234
5,11,2,S,6,0.06382978723404255
5,11,2,A,3,0.031914893617021274
5,11,2,B,2,0.02127659574468085
5,11,2,A/B,1,0.010638297872340425
5,11,2,AB,53,0.5638297872340425
5,11,2,E,0,0
5,11,3,U,19,0.20212765957446807
5,11,3,S,6,0.06382978723404255
5,11,3,A,0,0
5,11,3,B,2,0.02127659574468085
5,11,3,A/B,0,0
5,11,3,AB,67,0.7127659574468085
5,11,3,E,0,0
5,11,4,U,28,0.2978723404255319
5,11,4,S,6,0.06382978723404255
5,11,4,A,3,0.031914893617021274
5,11,4,B,2,0.02127659574468085
5,11,4,A/B,0,0
5,11,4,AB,55,0.5851063829787234
5,11,4,E,0,0
5,12,1,U,25,0.26595744680851063
5,12,1,S,4,0.0425531914893617
5,12,1,A,0,0
5,12,1,B,4,0.0425531914893617
5,12,1,A/B,1,0.010638297872340425
5,12,1,AB,60,0.6382978723404256
5,12,1,E,0,0
5,12,2,U,29,0.30851063829787234
5,12,2,S,4,0.0425531914893617
5,12,2,A,1,0.010638297872340425
5,12,2,B,2,0.02127659574468085
5,12,2,A/B,0,0
5,12,2,AB,58,0.6170212765957447
5,12,2,E,0,0
5,12,3,U,17,0.18085106382978725
5,12,3,S,6,0.06382978723404255
5,12,3,A,0,0
5,12,3,B,1,0.010638297872340425
5,12,3,A/B,0,0
5,12,3,AB,70,0.7446808510638298
5,12,3,E,0,0
5,12,4,U,25,0.26595744680851063
5,12,4,S,1,0.010638297872340425
5,12,4,A,0,0
5,12,4,B,5,0.05319148936170213
5,12,4,A/B,1,0.010638297872340425
5,12,4,AB,62,0.6595744680851063
5,12,4,E,0,0
5,13,1,U,31,0.32978723404255317
5,13,1,S,1,0.010638297872340425
5,13,1,A,5,0.05319148936170213
5,13,1,B,3,0.031914893617021274
5,13,1,A/B,0,0
5,13,1,AB,54,0.574468085106383
5,13,1,E,0,0
5,13,2,U,34,0.3617021276595745
5,13,2,S,0,0
5,13,2,A,7,0.07446808510638298
5,13,2,B,3,0.031914893617021274
5,13,2,A/B,0,0
5,13,2,AB,50,0.5319148936170213
5,13,2,E,0,0
5,13,3,U,22,0.23404255319148937
5,13,3,S,1,0.010638297872340425
5,13,3,A,5,0.05319148936170213
5,13,3,B,1,0.010638297872340425
5,13,3,A/B,0,0
5,13,3,AB,65,0.6914893617021277
5,13,3,E,0,0
5,13,4,U,30,0.3191489361702128
5,13,4,S,1,0.010638297872340425
5,13,4,A,4,0.0425531914893617
5,13,4,B,2,0.02127659574468085
5,13,4,A/B,0,0
5,13,4,AB,57,0.6063829787234043
5,13,4,E,0,0
5,14,1,U,5,0.05319148936170213
5,14,1,S,0,0
5,14,1,A,21,0.22340425531914893
5,14,1,B,0,0
5,14,1,A/B,0,0
5,14,1,AB,68,0.723404255319149
5,14,1,E,0,0
5,14,2,U,14,0.14893617021276595
5,14,2,S,0,0
5,14,2,A,11,0.11702127659574468
5,14,2,B,0,0
5,14,2,A/B,2,0.02127659574468085
5,14,2,AB,67,0.7127659574468085
5,14,2,E,0,0
5,14,3,U,6,0.06382978723404255
5,14,3,S,0,0
5,14,3,A,18,0.19148936170212766
5,14,3,B,0,0
5,14,3,A/B,3,0.031914893617021274
5,14,3,AB,67,0.7127659574468085
5,14,3,E,0,0
5,14,4,U,13,0.13829787234042554
5,14,4,S,0,0
5,14,4,A,18,0.19148936170212766
5,14,4,B,0,0
5,14,4,A/B,0,0
5,14,4,AB,63,0.6702127659574468
5,14,4,E,0,0
5,15,1,U,23,0.24468085106382978
5,15,1,S,1,0.010638297872340425
5,15,1,A,1,0.010638297872340425
5,15,1,B,0,0
5,15,1,A/B,0,0
5,15,1,AB,69,0.7340425531914894
5,15,1,E,0,0
5,15,2,U,25,0.26595744680851063
5,15,2,S,2,0.02127659574468085
5,15,2,A,0,0
5,15,2,B,0,0
5,15,2,A/B,0,0
5,15,2,AB,67,0.7127659574468085
5,15,2,E,0,0
5,15,3,U,20,0.2127659574468085
5,15,3,S,0,0
5,15,3,A,0,0
5,15,3,B,6,0.06382978723404255
5,15,3,A/B,0,0
5,15,3,AB,68,0.723404255319149
5,15,3,E,0,0
5,15,4,U,27,0.2872340425531915
5,15,4,S,5,0.05319148936170213
5,15,4,A,0,0
5,15,4,B,0,0
5,15,4,A/B,0,0
5,15,4,AB,62,0.6595744680851063
5,15,4,E,0,0
5,16,1,U,14,0.14893617021276595
5,16,1,S,0,0
5,16,1,A,0,0
5,16,1,B,10,0.10638297872340426
5,16,1,A/B,2,0.02127659574468085
5,16,1,AB,68,0.723404255319149
5,16,1,E,0,0
5,16,2,U,13,0.13829787234042554
5,16,2,S,2,0.02127659574468085
5,16,2,A,0,0
5,16,2,B,9,0.09574468085106383
5,16,2,A/B,2,0.02127659574468085
5,16,2,AB,68,0.723404255319149
5,16,2,E,0,0
5,16,3,U,11,0.11702127659574468
5,16,3,S,2,0.02127659574468085
5,16,3,A,0,0
5,16,3,B,14,0.14893617021276595
5,16,3,A/B,0,0
5,16,3,AB,67,0.7127659574468085
5,16,3,E,0,0
5,16,4,U,13,0.13829787234042554
5,16,4,S,4,0.0425531914893617
5,16,4,A,0,0
5,16,4,B,10,0.10638297872340426
5,16,4,A/B,1,0.010638297872340425
5,16,4,AB,66,0.7021276595744681
5,16,4,E,0,0
5,17,1,U,15,0.1595744680851064
5,17,1,S,0,0
5,17,1,A,15,0.1595744680851064
5,17,1,B,1,0.010638297872340425
5,17,1,A/B,2,0.02127659574468085
5,17,1,AB,61,0.648936170212766
5,17,1,E,0,0
5,17,2,U,14,0.14893617021276595
5,17,2,S,2,0.02127659574468085
5,17,2,A,19,0.20212765957446807
5,17,2,B,0,0
5,17,2,A/B,0,0
5,17,2,AB,59,0.6276595744680851
5,17,2,E,0,0
5,17,3,U,14,0.14893617021276595
5,17,3,S,0,0
5,17,3,A,15,0.1595744680851064
5,17,3,B,2,0.02127659574468085
5,17,3,A/B,0,0
5,17,3,AB,63,0.6702127659574468
5,17,3,E,0,0
5,17,4,U,16,0.1702127659574468
5,17,4,S,0,0
5,17,4,A,14,0.14893617021276595
5,17,4,B,2,0.02127659574468085
5,17,4,A/B,0,0
5,17,4,AB,62,0.6595744680851063
5,17,4,E,0,0
5,18,1,U,11,0.11702127659574468
5,18,1,S,0,0
5,18,1,A,23,0.24468085106382978
5,18,1,B,0,0
5,18,1,A/B,0,0
5,18,1,AB,60,0.6382978723404256
5,18,1,E,0,0
5,18,2,U,9,0.09574468085106383
5,18,2,S,0,0
5,18,2,A,28,0.2978723404255319
5,18,2,B,0,0
5,18,2,A/B,0,0
5,18,2,AB,57,0.6063829787234043
5,18,2,E,0,0
5,18,3,U,7,0.07446808510638298
5,18,3,S,0,0
5,18,3,A,24,0.2553191489361702
5,18,3,B,0,0
5,18,3,A/B,1,0.010638297872340425
5,18,3,AB,62,0.6595744680851063
5,18,3,E,0,0
5,18,4,U,11,0.11702127659574468
5,18,4,S,0,0
5,18,4,A,24,0.2553191489361702
5,18,4,B,0,0
5,18,4,A/B,0,0
5,18,4,AB,59,0.6276595744680851
5,18,4,E,0,0
5,19,1,U,24,0.2553191489361702
5,19,1,S,4,0.0425531914893617
5,19,1,A,2,0.02127659574468085
5,19,1,B,10,0.10638297872340426
5,19,1,A/B,1,0.010638297872340425
5,19,1,AB,53,0.5638297872340425
5,19,1,E,0,0
5,19,2,U,21,0.22340425531914893
5,19,2,S,2,0.02127659574468085
5,19,2,A,7,0.07446808510638298
5,19,2,B,7,0.07446808510638298
5,19,2,A/B,6,0.06382978723404255
5,19,2,AB,51,0.5425531914893617
5,19,2,E,0,0
5,19,3,U,21,0.22340425531914893
5,19,3,S,2,0.02127659574468085
5,19,3,A,5,0.05319148936170213
5,19,3,B,12,0.1276595744680851
5,19,3,A/B,0,0
5,19,3,AB,54,0.574468085106383
5,19,3,E,0,0
5,19,4,U,22,0.23404255319148937
5,19,4,S,1,0.010638297872340425
5,19,4,A,6,0.06382978723404255
5,19,4,B,14,0.14893617021276595
5,19,4,A/B,0,0
5,19,4,AB,51,0.5425531914893617
5,19,4,E,0,0
5,20,1,U,8,0.0851063829787234
5,20,1,S,0,0
5,20,1,A,2,0.02127659574468085
5,20,1,B,4,0.0425531914893617
5,20,1,A/B,0,0
5,20,1,AB,80,0.851063829787234
5,20,1,E,0,0
5,20,2,U,8,0.0851063829787234
5,20,2,S,1,0.010638297872340425
5,20,2,A,2,0.02127659574468085
5,20,2,B,3,0.031914893617021274
5,20,2,A/B,1,0.010638297872340425
5,20,2,AB,79,0.8404255319148937
5,20,2,E,0,0
5,20,3,U,8,0.0851063829787234
5,20,3,S,0,0
5,20,3,A,0,0
5,20,3,B,4,0.0425531914893617
5,20,3,A/B,2,0.02127659574468085
5,20,3,AB,80,0.851063829787234
5,20,3,E,0,0
5,20,4,U,7,0.07446808510638298
5,20,4,S,0,0
5,20,4,A,2,0.02127659574468085
5,20,4,B,5,0.05319148936170213
5,20,4,A/B,0,0
5,20,4,AB,80,0.851063829787234
5,20,4,E,0,0
5,21,1,U,10,0.10638297872340426
5,21,1,S,0,0
5,21,1,A,17,0.18085106382978725
5,21,1,B,0,0
5,21,1,A/B,0,0
5,21,1,AB,67,0.7127659574468085
5,21,1,E,0,0
5,21,2,U,9,0.09574468085106383
5,21,2,S,0,0
5,21,2,A,17,0.18085106382978725
5,21,2,B,0,0
5,21,2,A/B,0,0
5,21,2,AB,68,0.723404255319149
5,21,2,E,0,0
5,21,3,U,6,0.06382978723404255
5,21,3,S,0,0
5,21,3,A,17,0.18085106382978725
5,21,3,B,1,0.010638297872340425
5,21,3,A/B,0,0
5,21,3,AB,70,0.7446808510638298
5,21,3,E,0,0
5,21,4,U,9,0.09574468085106383
5,21,4,S,0,0
5,21,4,A,16,0.1702127659574468
5,21,4,B,0,0
5,21,4,A/B,0,0
5,21,4,AB,69,0.7340425531914894
5,21,4,E,0,0
5,22,1,U,15,0.1595744680851064
5,22,1,S,0,0
5,22,1,A,18,0.19148936170212766
5,22,1,B,0,0
5,22,1,A/B,0,0
5,22,1,AB,61,0.648936170212766
5,22,1,E,0,0
5,22,2,U,12,0.1276595744680851
5,22,2,S,0,0
5,22,2,A,21,0.22340425531914893
5,22,2,B,0,0
5,22,2,A/B,0,0
5,22,2,AB,61,0.648936170212766
5,22,2,E,0,0
5,22,3,U,9,0.09574468085106383
5,22,3,S,0,0
5,22,3,A,16,0.1702127659574468
5,22,3,B,1,0.010638297872340425
5,22,3,A/B,0,0
5,22,3,AB,68,0.723404255319149
5,22,3,E,0,0
5,22,4,U,7,0.07446808510638298
5,22,4,S,0,0
5,22,4,A,25,0.26595744680851063
5,22,4,B,0,0
5,22,4,A/B,1,0.010638297872340425
5,22,4,AB,61,0.648936170212766
5,22,4,E,0,0
6,0,1,U,12,0.1276595744680851
6,0,1,S,52,0.5531914893617021
6,0,1,A,10,0.10638297872340426
6,0,1,B,13,0.13829787234042554
6,0,1,A/B,1,0.010638297872340425
6,0,1,AB,6,0.06382978723404255
6,0,1,E,0,0
6,0,2,U,11,0.11702127659574468
6,0,2,S,41,0.43617021276595747
6,0,2,A,25,0.26595744680851063
6,0,2,B,11,0.11702127659574468
6,0,2,A/B,0,0
6,0,2,AB,6,0.06382978723404255
6,0,2,E,0,0
6,0,3,U,12,0.1276595744680851
6,0,3,S,54,0.574468085106383
6,0,3,A,1,0.010638297872340425
6,0,3,B,1,0.010638297872340425
6,0,3,A/B,10,0.10638297872340426
6,0,3,AB,16,0.1702127659574468
6,0,3,E,0,0
6,0,4,U,14,0.14893617021276595
6,0,4,S,54,0.574468085106383
6,0,4,A,10,0.10638297872340426
6,0,4,B,11,0.11702127659574468
6,0,4,A/B,0,0
6,0,4,AB,5,0.05319148936170213
6,0,4,E,0,0
6,1,1,U,7,0.07446808510638298
6,1,1,S,1,0.010638297872340425
6,1,1,A,41,0.43617021276595747
6,1,1,B,35,0.3723404255319149
6,1,1,A/B,0,0
6,1,1,AB,10,0.10638297872340426
6,1,1,E,0,0
6,1,2,U,5,0.05319148936170213
6,1,2,S,1,0.010638297872340425
6,1,2,A,43,0.4574468085106383
6,1,2,B,37,0.39361702127659576
6,1,2,A/B,1,0.010638297872340425
6,1,2,AB,7,0.07446808510638298
6,1,2,E,0,0
6,1,3,U,10,0.10638297872340426
6,1,3,S,2,0.02127659574468085
6,1,3,A,27,0.2872340425531915
6,1,3,B,27,0.2872340425531915
6,1,3,A/B,3,0.031914893617021274
6,1,3,AB,25,0.26595744680851063
6,1,3,E,0,0
6,1,4,U,11,0.11702127659574468
6,1,4,S,1,0.010638297872340425
6,1,4,A,38,0.40425531914893614
6,1,4,B,36,0.3829787234042553
6,1,4,A/B,0,0
6,1,4,AB,8,0.0851063829787234
6,1,4,E,0,0
6,2,1,U,33,0.35106382978723405
6,2,1,S,3,0.031914893617021274
6,2,1,A,25,0.26595744680851063
6,2,1,B,20,0.2127659574468085
6,2,1,A/B,1,0.010638297872340425
6,2,1,AB,12,0.1276595744680851
6,2,1,E,0,0
6,2,2,U,34,0.3617021276595745
6,2,2,S,2,0.02127659574468085
6,2,2,A,26,0.2765957446808511
6,2,2,B,24,0.2553191489361702
6,2,2,A/B,2,0.02127659574468085
6,2,2,AB,6,0.06382978723404255
6,2,2,E,0,0
6,2,3,U,27,0.2872340425531915
6,2,3,S,1,0.010638297872340425
6,2,3,A,21,0.22340425531914893
6,2,3,B,20,0.2127659574468085
6,2,3,A/B,1,0.010638297872340425
6,2,3,AB,24,0.2553191489361702
6,2,3,E,0,0
6,2,4,U,35,0.3723404255319149
6,2,4,S,1,0.010638297872340425
6,2,4,A,25,0.26595744680851063
6,2,4,B,25,0.26595744680851063
6,2,4,A/B,0,0
6,2,4,AB,8,0.0851063829787234
6,2,4,E,0,0
6,3,1,U,46,0.48936170212765956
6,3,1,S,1,0.010638297872340425
6,3,1,A,18,0.19148936170212766
6,3,1,B,8,0.0851063829787234
6,3,1,A/B,2,0.02127659574468085
6,3,1,AB,19,0.20212765957446807
6,3,1,E,0,0
6,3,2,U,47,0.5
6,3,2,S,2,0.02127659574468085
6,3,2,A,18,0.19148936170212766
6,3,2,B,12,0.1276595744680851
6,3,2,A/B,4,0.0425531914893617
6,3,2,AB,11,0.11702127659574468
6,3,2,E,0,0
6,3,3,U,40,0.425531914893617
6,3,3,S,1,0.010638297872340425
6,3,3,A,15,0.1595744680851064
6,3,3,B,6,0.06382978723404255
6,3,3,A/B,4,0.0425531914893617
6,3,3,AB,28,0.2978723404255319
6,3,3,E,0,0
6,3,4,U,46,0.48936170212765956
6,3,4,S,1,0.010638297872340425
6,3,4,A,18,0.19148936170212766
6,3,4,B,14,0.14893617021276595
6,3,4,A/B,3,0.031914893617021274
6,3,4,AB,12,0.1276595744680851
6,3,4,E,0,0
6,4,1,U,44,0.46808510638297873
6,4,1,S,1,0.010638297872340425
6,4,1,A,15,0.1595744680851064
6,4,1,B,3,0.031914893617021274
6,4,1,A/B,2,0.02127659574468085
6,4,1,AB,29,0.30851063829787234
6,4,1,E,0,0
6,4,2,U,49,0.5212765957446809
6,4,2,S,1,0.010638297872340425
6,4,2,A,14,0.14893617021276595
6,4,2,B,6,0.06382978723404255
6,4,2,A/B,3,0.031914893617021274
6,4,2,AB,21,0.22340425531914893
6,4,2,E,0,0
6,4,3,U,41,0.43617021276595747
6,4,3,S,0,0
6,4,3,A,11,0.11702127659574468
6,4,3,B,2,0.02127659574468085
6,4,3,A/B,2,0.02127659574468085
6,4,3,AB,38,0.40425531914893614
6,4,3,E,0,0
6,4,4,U,47,0.5
6,4,4,S,0,0
6,4,4,A,14,0.14893617021276595
6,4,4,B,5,0.05319148936170213
6,4,4,A/B,4,0.0425531914893617
6,4,4,AB,24,0.2553191489361702
6,4,4,E,0,0
6,5,1,U,39,0.4148936170212766
6,5,1,S,1,0.010638297872340425
6,5,1,A,12,0.1276595744680851
6,5,1,B,4,0.0425531914893617
6,5,1,A/B,2,0.02127659574468085
6,5,1,AB,36,0.3829787234042553
6,5,1,E,0,0
6,5,2,U,45,0.4787234042553192
6,5,2,S,4,0.0425531914893617
6,5,2,A,12,0.1276595744680851
6,5,2,B,6,0.06382978723404255
6,5,2,A/B,0,0
6,5,2,AB,27,0.2872340425531915
6,5,2,E,0,0
6,5,3,U,33,0.35106382978723405
6,5,3,S,2,0.02127659574468085
6,5,3,A,12,0.1276595744680851
6,5,3,B,3,0.031914893617021274
6,5,3,A/B,1,0.010638297872340425
6,5,3,AB,43,0.4574468085106383
6,5,3,E,0,0
6,5,4,U,45,0.4787234042553192
6,5,4,S,1,0.010638297872340425
6,5,4,A,11,0.11702127659574468
6,5,4,B,7,0.07446808510638298
6,5,4,A/B,0,0
6,5,4,AB,30,0.3191489361702128
6,5,4,E,0,0
6,6,1,U,NA,NA
6,6,1,S,NA,NA
6,6,1,A,NA,NA
6,6,1,B,NA,NA
6,6,1,A/B,NA,NA
6,6,1,AB,NA,NA
6,6,1,E,NA,NA
6,6,2,U,NA,NA
6,6,2,S,NA,NA
6,6,2,A,NA,NA
6,6,2,B,NA,NA
6,6,2,A/B,NA,NA
6,6,2,AB,NA,NA
6,6,2,E,NA,NA
6,6,3,U,NA,NA
6,6,3,S,NA,NA
6,6,3,A,NA,NA
6,6,3,B,NA,NA
6,6,3,A/B,NA,NA
6,6,3,AB,NA,NA
6,6,3,E,NA,NA
6,6,4,U,NA,NA
6,6,4,S,NA,NA
6,6,4,A,NA,NA
6,6,4,B,NA,NA
6,6,4,A/B,NA,NA
6,6,4,AB,NA,NA
6,6,4,E,NA,NA
6,7,1,U,40,0.425531914893617
6,7,1,S,1,0.010638297872340425
6,7,1,A,6,0.06382978723404255
6,7,1,B,4,0.0425531914893617
6,7,1,A/B,4,0.0425531914893617
6,7,1,AB,39,0.4148936170212766
6,7,1,E,0,0
6,7,2,U,40,0.425531914893617
6,7,2,S,0,0
6,7,2,A,7,0.07446808510638298
6,7,2,B,8,0.0851063829787234
6,7,2,A/B,2,0.02127659574468085
6,7,2,AB,37,0.39361702127659576
6,7,2,E,0,0
6,7,3,U,27,0.2872340425531915
6,7,3,S,0,0
6,7,3,A,6,0.06382978723404255
6,7,3,B,8,0.0851063829787234
6,7,3,A/B,0,0
6,7,3,AB,53,0.5638297872340425
6,7,3,E,0,0
6,7,4,U,37,0.39361702127659576
6,7,4,S,0,0
6,7,4,A,5,0.05319148936170213
6,7,4,B,8,0.0851063829787234
6,7,4,A/B,5,0.05319148936170213
6,7,4,AB,39,0.4148936170212766
6,7,4,E,0,0
6,8,1,U,40,0.425531914893617
6,8,1,S,4,0.0425531914893617
6,8,1,A,4,0.0425531914893617
6,8,1,B,6,0.06382978723404255
6,8,1,A/B,2,0.02127659574468085
6,8,1,AB,38,0.40425531914893614
6,8,1,E,0,0
6,8,2,U,44,0.46808510638297873
6,8,2,S,2,0.02127659574468085
6,8,2,A,6,0.06382978723404255
6,8,2,B,8,0.0851063829787234
6,8,2,A/B,1,0.010638297872340425
6,8,2,AB,33,0.35106382978723405
6,8,2,E,0,0
6,8,3,U,21,0.22340425531914893
6,8,3,S,2,0.02127659574468085
6,8,3,A,7,0.07446808510638298
6,8,3,B,13,0.13829787234042554
6,8,3,A/B,1,0.010638297872340425
6,8,3,AB,50,0.5319148936170213
6,8,3,E,0,0
6,8,4,U,36,0.3829787234042553
6,8,4,S,0,0
6,8,4,A,5,0.05319148936170213
6,8,4,B,14,0.14893617021276595
6,8,4,A/B,2,0.02127659574468085
6,8,4,AB,37,0.39361702127659576
6,8,4,E,0,0
6,9,1,U,40,0.425531914893617
6,9,1,S,1,0.010638297872340425
6,9,1,A,1,0.010638297872340425
6,9,1,B,3,0.031914893617021274
6,9,1,A/B,0,0
6,9,1,AB,49,0.5212765957446809
6,9,1,E,0,0
6,9,2,U,38,0.40425531914893614
6,9,2,S,0,0
6,9,2,A,1,0.010638297872340425
6,9,2,B,5,0.05319148936170213
6,9,2,A/B,1,0.010638297872340425
6,9,2,AB,49,0.5212765957446809
6,9,2,E,0,0
6,9,3,U,20,0.2127659574468085
6,9,3,S,2,0.02127659574468085
6,9,3,A,3,0.031914893617021274
6,9,3,B,4,0.0425531914893617
6,9,3,A/B,3,0.031914893617021274
6,9,3,AB,62,0.6595744680851063
6,9,3,E,0,0
6,9,4,U,31,0.32978723404255317
6,9,4,S,2,0.02127659574468085
6,9,4,A,3,0.031914893617021274
6,9,4,B,5,0.05319148936170213
6,9,4,A/B,4,0.0425531914893617
6,9,4,AB,49,0.5212765957446809
6,9,4,E,0,0
6,10,1,U,31,0.32978723404255317
6,10,1,S,0,0
6,10,1,A,8,0.0851063829787234
6,10,1,B,8,0.0851063829787234
6,10,1,A/B,3,0.031914893617021274
6,10,1,AB,44,0.46808510638297873
6,10,1,E,0,0
6,10,2,U,29,0.30851063829787234
6,10,2,S,0,0
6,10,2,A,8,0.0851063829787234
6,10,2,B,10,0.10638297872340426
6,10,2,A/B,3,0.031914893617021274
6,10,2,AB,44,0.46808510638297873
6,10,2,E,0,0
6,10,3,U,16,0.1702127659574468
6,10,3,S,0,0
6,10,3,A,9,0.09574468085106383
6,10,3,B,7,0.07446808510638298
6,10,3,A/B,0,0
6,10,3,AB,62,0.6595744680851063
6,10,3,E,0,0
6,10,4,U,29,0.30851063829787234
6,10,4,S,0,0
6,10,4,A,9,0.09574468085106383
6,10,4,B,10,0.10638297872340426
6,10,4,A/B,2,0.02127659574468085
6,10,4,AB,44,0.46808510638297873
6,10,4,E,0,0
6,11,1,U,27,0.2872340425531915
6,11,1,S,1,0.010638297872340425
6,11,1,A,7,0.07446808510638298
6,11,1,B,8,0.0851063829787234
6,11,1,A/B,1,0.010638297872340425
6,11,1,AB,50,0.5319148936170213
6,11,1,E,0,0
6,11,2,U,21,0.22340425531914893
6,11,2,S,1,0.010638297872340425
6,11,2,A,8,0.0851063829787234
6,11,2,B,9,0.09574468085106383
6,11,2,A/B,3,0.031914893617021274
6,11,2,AB,52,0.5531914893617021
6,11,2,E,0,0
6,11,3,U,20,0.2127659574468085
6,11,3,S,1,0.010638297872340425
6,11,3,A,4,0.0425531914893617
6,11,3,B,3,0.031914893617021274
6,11,3,A/B,2,0.02127659574468085
6,11,3,AB,64,0.6808510638297872
6,11,3,E,0,0
6,11,4,U,28,0.2978723404255319
6,11,4,S,1,0.010638297872340425
6,11,4,A,5,0.05319148936170213
6,11,4,B,6,0.06382978723404255
6,11,4,A/B,0,0
6,11,4,AB,54,0.574468085106383
6,11,4,E,0,0
6,12,1,U,23,0.24468085106382978
6,12,1,S,2,0.02127659574468085
6,12,1,A,9,0.09574468085106383
6,12,1,B,4,0.0425531914893617
6,12,1,A/B,1,0.010638297872340425
6,12,1,AB,55,0.5851063829787234
6,12,1,E,0,0
6,12,2,U,18,0.19148936170212766
6,12,2,S,3,0.031914893617021274
6,12,2,A,9,0.09574468085106383
6,12,2,B,2,0.02127659574468085
6,12,2,A/B,1,0.010638297872340425
6,12,2,AB,61,0.648936170212766
6,12,2,E,0,0
6,12,3,U,16,0.1702127659574468
6,12,3,S,1,0.010638297872340425
6,12,3,A,5,0.05319148936170213
6,12,3,B,2,0.02127659574468085
6,12,3,A/B,3,0.031914893617021274
6,12,3,AB,67,0.7127659574468085
6,12,3,E,0,0
6,12,4,U,24,0.2553191489361702
6,12,4,S,2,0.02127659574468085
6,12,4,A,4,0.0425531914893617
6,12,4,B,5,0.05319148936170213
6,12,4,A/B,0,0
6,12,4,AB,59,0.6276595744680851
6,12,4,E,0,0
6,13,1,U,28,0.2978723404255319
6,13,1,S,2,0.02127659574468085
6,13,1,A,8,0.0851063829787234
6,13,1,B,9,0.09574468085106383
6,13,1,A/B,1,0.010638297872340425
6,13,1,AB,46,0.48936170212765956
6,13,1,E,0,0
6,13,2,U,25,0.26595744680851063
6,13,2,S,0,0
6,13,2,A,6,0.06382978723404255
6,13,2,B,10,0.10638297872340426
6,13,2,A/B,0,0
6,13,2,AB,53,0.5638297872340425
6,13,2,E,0,0
6,13,3,U,18,0.19148936170212766
6,13,3,S,0,0
6,13,3,A,7,0.07446808510638298
6,13,3,B,7,0.07446808510638298
6,13,3,A/B,0,0
6,13,3,AB,62,0.6595744680851063
6,13,3,E,0,0
6,13,4,U,31,0.32978723404255317
6,13,4,S,1,0.010638297872340425
6,13,4,A,4,0.0425531914893617
6,13,4,B,7,0.07446808510638298
6,13,4,A/B,1,0.010638297872340425
6,13,4,AB,50,0.5319148936170213
6,13,4,E,0,0
6,14,1,U,4,0.0425531914893617
6,14,1,S,0,0
6,14,1,A,12,0.1276595744680851
6,14,1,B,11,0.11702127659574468
6,14,1,A/B,2,0.02127659574468085
6,14,1,AB,65,0.6914893617021277
6,14,1,E,0,0
6,14,2,U,2,0.02127659574468085
6,14,2,S,1,0.010638297872340425
6,14,2,A,11,0.11702127659574468
6,14,2,B,13,0.13829787234042554
6,14,2,A/B,3,0.031914893617021274
6,14,2,AB,64,0.6808510638297872
6,14,2,E,0,0
6,14,3,U,3,0.031914893617021274
6,14,3,S,0,0
6,14,3,A,5,0.05319148936170213
6,14,3,B,11,0.11702127659574468
6,14,3,A/B,2,0.02127659574468085
6,14,3,AB,73,0.776595744680851
6,14,3,E,0,0
6,14,4,U,4,0.0425531914893617
6,14,4,S,0,0
6,14,4,A,13,0.13829787234042554
6,14,4,B,12,0.1276595744680851
6,14,4,A/B,0,0
6,14,4,AB,65,0.6914893617021277
6,14,4,E,0,0
6,15,1,U,12,0.1276595744680851
6,15,1,S,5,0.05319148936170213
6,15,1,A,7,0.07446808510638298
6,15,1,B,4,0.0425531914893617
6,15,1,A/B,1,0.010638297872340425
6,15,1,AB,65,0.6914893617021277
6,15,1,E,0,0
6,15,2,U,18,0.19148936170212766
6,15,2,S,2,0.02127659574468085
6,15,2,A,5,0.05319148936170213
6,15,2,B,7,0.07446808510638298
6,15,2,A/B,0,0
6,15,2,AB,62,0.6595744680851063
6,15,2,E,0,0
6,15,3,U,12,0.1276595744680851
6,15,3,S,0,0
6,15,3,A,5,0.05319148936170213
6,15,3,B,8,0.0851063829787234
6,15,3,A/B,0,0
6,15,3,AB,69,0.7340425531914894
6,15,3,E,0,0
6,15,4,U,14,0.14893617021276595
6,15,4,S,1,0.010638297872340425
6,15,4,A,7,0.07446808510638298
6,15,4,B,8,0.0851063829787234
6,15,4,A/B,1,0.010638297872340425
6,15,4,AB,63,0.6702127659574468
6,15,4,E,0,0
6,16,1,U,NA,NA
6,16,1,S,NA,NA
6,16,1,A,NA,NA
6,16,1,B,NA,NA
6,16,1,A/B,NA,NA
6,16,1,AB,NA,NA
6,16,1,E,NA,NA
6,16,2,U,NA,NA
6,16,2,S,NA,NA
6,16,2,A,NA,NA
6,16,2,B,NA,NA
6,16,2,A/B,NA,NA
6,16,2,AB,NA,NA
6,16,2,E,NA,NA
6,16,3,U,NA,NA
6,16,3,S,NA,NA
6,16,3,A,NA,NA
6,16,3,B,NA,NA
6,16,3,A/B,NA,NA
6,16,3,AB,NA,NA
6,16,3,E,NA,NA
6,16,4,U,NA,NA
6,16,4,S,NA,NA
6,16,4,A,NA,NA
6,16,4,B,NA,NA
6,16,4,A/B,NA,NA
6,16,4,AB,NA,NA
6,16,4,E,NA,NA
6,17,1,U,17,0.18085106382978725
6,17,1,S,2,0.02127659574468085
6,17,1,A,6,0.06382978723404255
6,17,1,B,6,0.06382978723404255
6,17,1,A/B,2,0.02127659574468085
6,17,1,AB,61,0.648936170212766
6,17,1,E,0,0
6,17,2,U,23,0.24468085106382978
6,17,2,S,2,0.02127659574468085
6,17,2,A,6,0.06382978723404255
6,17,2,B,8,0.0851063829787234
6,17,2,A/B,0,0
6,17,2,AB,55,0.5851063829787234
6,17,2,E,0,0
6,17,3,U,18,0.19148936170212766
6,17,3,S,0,0
6,17,3,A,3,0.031914893617021274
6,17,3,B,6,0.06382978723404255
6,17,3,A/B,0,0
6,17,3,AB,67,0.7127659574468085
6,17,3,E,0,0
6,17,4,U,18,0.19148936170212766
6,17,4,S,4,0.0425531914893617
6,17,4,A,5,0.05319148936170213
6,17,4,B,4,0.0425531914893617
6,17,4,A/B,0,0
6,17,4,AB,63,0.6702127659574468
6,17,4,E,0,0
6,18,1,U,20,0.2127659574468085
6,18,1,S,1,0.010638297872340425
6,18,1,A,11,0.11702127659574468
6,18,1,B,1,0.010638297872340425
6,18,1,A/B,1,0.010638297872340425
6,18,1,AB,60,0.6382978723404256
6,18,1,E,0,0
6,18,2,U,17,0.18085106382978725
6,18,2,S,4,0.0425531914893617
6,18,2,A,13,0.13829787234042554
6,18,2,B,3,0.031914893617021274
6,18,2,A/B,1,0.010638297872340425
6,18,2,AB,56,0.5957446808510638
6,18,2,E,0,0
6,18,3,U,15,0.1595744680851064
6,18,3,S,1,0.010638297872340425
6,18,3,A,11,0.11702127659574468
6,18,3,B,2,0.02127659574468085
6,18,3,A/B,3,0.031914893617021274
6,18,3,AB,62,0.6595744680851063
6,18,3,E,0,0
6,18,4,U,19,0.20212765957446807
6,18,4,S,3,0.031914893617021274
6,18,4,A,8,0.0851063829787234
6,18,4,B,1,0.010638297872340425
6,18,4,A/B,0,0
6,18,4,AB,63,0.6702127659574468
6,18,4,E,0,0
6,19,1,U,10,0.10638297872340426
6,19,1,S,2,0.02127659574468085
6,19,1,A,19,0.20212765957446807
6,19,1,B,11,0.11702127659574468
6,19,1,A/B,1,0.010638297872340425
6,19,1,AB,51,0.5425531914893617
6,19,1,E,0,0
6,19,2,U,8,0.0851063829787234
6,19,2,S,1,0.010638297872340425
6,19,2,A,28,0.2978723404255319
6,19,2,B,11,0.11702127659574468
6,19,2,A/B,1,0.010638297872340425
6,19,2,AB,45,0.4787234042553192
6,19,2,E,0,0
6,19,3,U,2,0.02127659574468085
6,19,3,S,4,0.0425531914893617
6,19,3,A,24,0.2553191489361702
6,19,3,B,12,0.1276595744680851
6,19,3,A/B,0,0
6,19,3,AB,52,0.5531914893617021
6,19,3,E,0,0
6,19,4,U,7,0.07446808510638298
6,19,4,S,2,0.02127659574468085
6,19,4,A,23,0.24468085106382978
6,19,4,B,12,0.1276595744680851
6,19,4,A/B,0,0
6,19,4,AB,50,0.5319148936170213
6,19,4,E,0,0
6,20,1,U,10,0.10638297872340426
6,20,1,S,1,0.010638297872340425
6,20,1,A,6,0.06382978723404255
6,20,1,B,3,0.031914893617021274
6,20,1,A/B,3,0.031914893617021274
6,20,1,AB,71,0.7553191489361702
6,20,1,E,0,0
6,20,2,U,8,0.0851063829787234
6,20,2,S,1,0.010638297872340425
6,20,2,A,8,0.0851063829787234
6,20,2,B,4,0.0425531914893617
6,20,2,A/B,1,0.010638297872340425
6,20,2,AB,72,0.7659574468085106
6,20,2,E,0,0
6,20,3,U,8,0.0851063829787234
6,20,3,S,0,0
6,20,3,A,6,0.06382978723404255
6,20,3,B,3,0.031914893617021274
6,20,3,A/B,0,0
6,20,3,AB,77,0.8191489361702128
6,20,3,E,0,0
6,20,4,U,9,0.09574468085106383
6,20,4,S,0,0
6,20,4,A,7,0.07446808510638298
6,20,4,B,1,0.010638297872340425
6,20,4,A/B,0,0
6,20,4,AB,77,0.8191489361702128
6,20,4,E,0,0
6,21,1,U,22,0.23404255319148937
6,21,1,S,1,0.010638297872340425
6,21,1,A,9,0.09574468085106383
6,21,1,B,4,0.0425531914893617
6,21,1,A/B,0,0
6,21,1,AB,58,0.6170212765957447
6,21,1,E,0,0
6,21,2,U,18,0.19148936170212766
6,21,2,S,2,0.02127659574468085
6,21,2,A,10,0.10638297872340426
6,21,2,B,4,0.0425531914893617
6,21,2,A/B,1,0.010638297872340425
6,21,2,AB,59,0.6276595744680851
6,21,2,E,0,0
6,21,3,U,14,0.14893617021276595
6,21,3,S,0,0
6,21,3,A,7,0.07446808510638298
6,21,3,B,7,0.07446808510638298
6,21,3,A/B,0,0
6,21,3,AB,66,0.7021276595744681
6,21,3,E,0,0
6,21,4,U,17,0.18085106382978725
6,21,4,S,0,0
6,21,4,A,7,0.07446808510638298
6,21,4,B,11,0.11702127659574468
6,21,4,A/B,0,0
6,21,4,AB,59,0.6276595744680851
6,21,4,E,0,0
6,22,1,U,13,0.13829787234042554
6,22,1,S,0,0
6,22,1,A,22,0.23404255319148937
6,22,1,B,13,0.13829787234042554
6,22,1,A/B,2,0.02127659574468085
6,22,1,AB,44,0.46808510638297873
6,22,1,E,0,0
6,22,2,U,26,0.2765957446808511
6,22,2,S,0,0
6,22,2,A,15,0.1595744680851064
6,22,2,B,6,0.06382978723404255
6,22,2,A/B,1,0.010638297872340425
6,22,2,AB,46,0.48936170212765956
6,22,2,E,0,0
6,22,3,U,21,0.22340425531914893
6,22,3,S,0,0
6,22,3,A,16,0.1702127659574468
6,22,3,B,13,0.13829787234042554
6,22,3,A/B,0,0
6,22,3,AB,44,0.46808510638297873
6,22,3,E,0,0
6,22,4,U,10,0.10638297872340426
6,22,4,S,0,0
6,22,4,A,15,0.1595744680851064
6,22,4,B,14,0.14893617021276595
6,22,4,A/B,2,0.02127659574468085
6,22,4,AB,53,0.5638297872340425
6,22,4,E,0,0
