plate,transfer,p,f
1,0,U,0.127659574468085
1,0,S,0.872340425531915
1,0,A,0
1,0,B,0
1,0,AB,0
1,1,U,0.109042553191489
1,1,S,0.890957446808511
1,1,A,0
1,1,B,0
1,1,AB,0
1,2,U,0.0919780958546676
1,2,S,0.908021904145317
1,2,A,0
1,2,B,0
1,2,AB,0
1,3,U,0.0808822743492844
1,3,S,0.919117725650777
1,3,A,0
1,3,B,0
1,3,AB,0
1,4,U,0.0738994557715399
1,4,S,0.926100544228596
1,4,A,0
1,4,B,0
1,4,AB,0
1,5,U,0.0695311319975912
1,5,S,0.930468868002546
1,5,A,0
1,5,B,0
1,5,AB,0
1,6,U,0.0667570799250063
1,6,S,0.933242920075102
1,6,A,0
1,6,B,0
1,6,AB,0
1,7,U,0.0649713293746156
1,7,S,0.935028670625466
1,7,A,0
1,7,B,0
1,7,AB,0
1,8,U,0.063825477111143
1,8,S,0.936174522888913
1,8,A,0
1,8,B,0
1,8,AB,0
1,9,U,0.0631036219886633
1,9,S,0.936896378011331
1,9,A,0
1,9,B,0
1,9,AB,0
1,10,U,0.0626506573105707
1,10,S,0.937349342689395
1,10,A,0
1,10,B,0
1,10,AB,0
1,11,U,0.0623662137773541
1,11,S,0.937633786222589
1,11,A,0
1,11,B,0
1,11,AB,0
1,12,U,0.0621868170066068
1,12,S,0.937813182993321
1,12,A,0
1,12,B,0
1,12,AB,0
1,13,U,0.062072537343715
1,13,S,0.937927462656204
1,13,A,0
1,13,B,0
1,13,AB,0
1,14,U,0.0619990540277795
1,14,S,0.938000945972139
1,14,A,0
1,14,B,0
1,14,AB,0
1,15,U,0.0619561134310941
1,15,S,0.93804388656883
1,15,A,0
1,15,B,0
1,15,AB,0
1,16,U,0.0619301824017599
1,16,S,0.938069817598174
1,16,A,0
1,16,B,0
1,16,AB,0
1,17,U,0.0619123777618494
1,17,S,0.938087622238093
1,17,A,0
1,17,B,0
1,17,AB,0
1,18,U,0.061902299617279
1,18,S,0.938097700382661
1,18,A,0
1,18,B,0
1,18,AB,0
1,19,U,0.0618926949541139
1,19,S,0.938107305045817
1,19,A,0
1,19,B,0
1,19,AB,0
1,20,U,0.0618871940473509
1,20,S,0.938112805952572
1,20,A,0
1,20,B,0
1,20,AB,0
1,21,U,0.0618814847860144
1,21,S,0.9381185152139
1,21,A,0
1,21,B,0
1,21,AB,0
1,22,U,0.0618780806363165
1,22,S,0.938121919363595
1,22,A,0
1,22,B,0
1,22,AB,0
1,23,U,0.0618752640440418
1,23,S,0.938124735955874
1,23,A,0
1,23,B,0
1,23,AB,0
1,24,U,0.0618735612360396
1,24,S,0.938126438763883
1,24,A,0
1,24,B,0
1,24,AB,0
1,25,U,0.0618725008581777
1,25,S,0.938127499141755
1,25,A,0
1,25,B,0
1,25,AB,0
1,26,U,0.0618715567905379
1,26,S,0.938128443209403
1,26,A,0
1,26,B,0
1,26,AB,0
1,27,U,0.0618710800660115
1,27,S,0.938128919933938
1,27,A,0
1,27,B,0
1,27,AB,0
1,28,U,0.0618710706845984
1,28,S,0.93812892931536
1,28,A,0
1,28,B,0
1,28,AB,0
1,29,U,0.0618709814421685
1,29,S,0.938129018557798
1,29,A,0
1,29,B,0
1,29,AB,0
1,30,U,0.061870916236386
1,30,S,0.938129083763587
1,30,A,0
1,30,B,0
1,30,AB,0
1,31,U,0.0618709819886103
1,31,S,0.938129018011369
1,31,A,0
1,31,B,0
1,31,AB,0
1,32,U,0.0618710921532538
1,32,S,0.938128907846731
1,32,A,0
1,32,B,0
1,32,AB,0
1,33,U,0.0618711573358556
1,33,S,0.938128842664133
1,33,A,0
1,33,B,0
1,33,AB,0
1,34,U,0.0618712363925938
1,34,S,0.938128763607397
1,34,A,0
1,34,B,0
1,34,AB,0
2,0,U,0.127659574468085
2,0,S,0.872340425531915
2,0,A,0
2,0,B,0
2,0,AB,0
2,1,U,0.882978723404255
2,1,S,0.0106382978723404
2,1,A,0.106382978723404
2,1,B,0
2,1,AB,0
2,2,U,0.77378759927143
2,2,S,0.0666836882302215
2,2,A,0.159528712499913
2,2,B,0
2,2,AB,0
2,3,U,0.680592733744185
2,3,S,0.0782620124642269
2,3,A,0.241145253798156
2,3,B,0
2,3,AB,0
2,4,U,0.595940692766435
2,4,S,0.0797593415182719
2,4,A,0.324299965724907
2,4,B,0
2,4,AB,0
2,5,U,0.520739662638901
2,5,S,0.0791416860594346
2,5,A,0.400118651314108
2,5,B,0
2,5,AB,0
2,6,U,0.45648233084642
2,6,S,0.0781924397290022
2,6,A,0.465325229436827
2,6,B,0
2,6,AB,0
2,7,U,0.403605098356021
2,7,S,0.0773385034569519
2,7,A,0.519056398200389
2,7,B,0
2,7,AB,0
2,8,U,0.361443913608054
2,8,S,0.0766344452557817
2,8,A,0.561921641148211
2,8,B,0
2,8,AB,0
2,9,U,0.328727163645629
2,9,S,0.076080443295814107
2,9,A,0.595192393068726
2,9,B,0
2,9,AB,0
2,10,U,0.303886467818455
2,10,S,0.0756599305651872
2,10,A,0.620453601625038
2,10,B,0
2,10,AB,0
2,11,U,0.285312583356375
2,11,S,0.0753470781258938
2,11,A,0.639340338525193
2,11,B,0
2,11,AB,0
2,12,U,0.271562251597907
2,12,S,0.0751170498733054
2,12,A,0.653320698535036
2,12,B,0
2,12,AB,0
2,13,U,0.261416026421115
2,13,S,0.0749475039712128
2,13,A,0.663636469612457
2,13,B,0
2,13,AB,0
2,14,U,0.25398204552315
2,14,S,0.0748231238490357
2,14,A,0.671194830630887
2,14,B,0
2,14,AB,0
2,15,U,0.24852089599001
2,15,S,0.0747323158021781
2,15,A,0.676746788208875
2,15,B,0
2,15,AB,0
2,16,U,0.244631540090598
2,16,S,0.0746654240109956
2,16,A,0.680703035898398
2,16,B,0
2,16,AB,0
2,17,U,0.241800440078282
2,17,S,0.0746149431349215
2,17,A,0.68358461678654
2,17,B,0
2,17,AB,0
2,18,U,0.239720481404037
2,18,S,0.0745802953959297
2,18,A,0.685699223199284
2,18,B,0
2,18,AB,0
2,19,U,0.238224986256631
2,19,S,0.0745560692544503
2,19,A,0.687218944487551
2,19,B,0
2,19,AB,0
2,20,U,0.237114658591964
2,20,S,0.074538542496949
2,20,A,0.688346798908966
2,20,B,0
2,20,AB,0
2,21,U,0.236319195315756
2,21,S,0.0745249385975852
2,21,A,0.689155866083992
2,21,B,0
2,21,AB,0
2,22,U,0.235771909971453
2,22,S,0.0745157311355684
2,22,A,0.689712358889819
2,22,B,0
2,22,AB,0
2,23,U,0.235359377909124
2,23,S,0.0745083829681762
2,23,A,0.690132239119204
2,23,B,0
2,23,AB,0
2,24,U,0.23510251149289
2,24,S,0.0745029734510026
2,24,A,0.690394515052722
2,24,B,0
2,24,AB,0
2,25,U,0.234926879301567
2,25,S,0.0744981822915367
2,25,A,0.690574938404141
2,25,B,0
2,25,AB,0
2,26,U,0.234810039986578
2,26,S,0.074495477781229
2,26,A,0.69069448222994
2,26,B,0
2,26,AB,0
2,27,U,0.234708604339855
2,27,S,0.0744942928301904
2,27,A,0.690797102828071
2,27,B,0
2,27,AB,0
2,28,U,0.234635287880537
2,28,S,0.0744936572927396
2,28,A,0.690871054825039
2,28,B,0
2,28,AB,0
2,29,U,0.234562391096127
2,29,S,0.0744933601801459
2,29,A,0.690944248721942
2,29,B,0
2,29,AB,0
2,30,U,0.234510846759423
2,30,S,0.0744929830323048
2,30,A,0.690996170206382
2,30,B,0
2,30,AB,0
2,31,U,0.234470153674539
2,31,S,0.074492161811177
2,31,A,0.69103768451226
2,31,B,0
2,31,AB,0
2,32,U,0.23444228601831
2,32,S,0.0744916345254321
2,32,A,0.691066079454305
2,32,B,0
2,32,AB,0
2,33,U,0.234427064950864
2,33,S,0.0744911131250967
2,33,A,0.691081821922201
2,33,B,0
2,33,AB,0
2,34,U,0.2344244904722
2,34,S,0.0744905976101707
2,34,A,0.691084911915949
2,34,B,0
2,34,AB,0
2,35,U,0.234431684734101
2,35,S,0.0744901261612192
2,35,A,0.691078189103169
2,35,B,0
2,35,AB,0
2,36,U,0.23443166960071
2,36,S,0.0744899240280713
2,36,A,0.691078406369703
2,36,B,0
2,36,AB,0
2,37,U,0.234435600175699
2,37,S,0.0744898432153747
2,37,A,0.691074556607354
2,37,B,0
2,37,AB,0
2,38,U,0.234443476459068
2,38,S,0.0744898837231296
2,38,A,0.691066639816121
2,38,B,0
2,38,AB,0
2,39,U,0.234454003653919
2,39,S,0.0744900271321621
2,39,A,0.69105596921213
2,39,B,0
2,39,AB,0
2,40,U,0.23446076692867
2,40,S,0.0744901821880853
2,40,A,0.691049050881616
2,40,B,0
2,40,AB,0
3,0,U,0.127659574468085
3,0,S,0.872340425531915
3,0,A,0
3,0,B,0
3,0,AB,0
3,1,U,0.922872340425532
3,1,S,0.0664893617021277
3,1,A,0
3,1,B,0.0106382978723404
3,1,AB,0
3,2,U,0.908158555591189
3,2,S,0.0564661717935959
3,2,A,0
3,2,B,0.0353752726150488
3,2,AB,0
3,3,U,0.8869909535869
3,3,S,0.0533028321360019
3,3,A,0
3,3,B,0.0597062142772448
3,3,AB,0
3,4,U,0.863070359248278
3,4,S,0.052103968520331
3,4,A,0
3,4,B,0.0848256722325944
3,4,AB,0
3,5,U,0.837656914391774
3,5,S,0.0515220348143884
3,5,A,0
3,5,B,0.11082105079511
3,5,AB,0
3,6,U,0.811424510298011
3,6,S,0.0511204387568517
3,6,A,0
3,6,B,0.137455050946349
3,6,AB,0
3,7,U,0.784871880423943
3,7,S,0.0507685518203942
3,7,A,0
3,7,B,0.164359567756835
3,7,AB,0
3,8,U,0.758440019933551
3,8,S,0.050440032898806
3,8,A,0
3,8,B,0.191119947168699
3,8,AB,0
3,9,U,0.732550979021088
3,9,S,0.0501219116006162
3,9,A,0
3,9,B,0.217327109379159
3,9,AB,0
3,10,U,0.70758525601213
3,10,S,0.0498150961398433
3,10,A,0
3,10,B,0.242599647848646
3,10,AB,0
3,11,U,0.683853666968336
3,11,S,0.0495235790535978
3,11,A,0
3,11,B,0.266622753978275
3,11,AB,0
3,12,U,0.661624065268434
3,12,S,0.0492498926168043
3,12,A,0
3,12,B,0.289126042114371
3,12,AB,0
3,13,U,0.641082571028286
3,13,S,0.0489976727559622
3,13,A,0
3,13,B,0.309919756214595
3,13,AB,0
3,14,U,0.622335039652351
3,14,S,0.0487680143727299
3,14,A,0
3,14,B,0.328896945972959
3,14,AB,0
3,15,U,0.605431758928996
3,15,S,0.0485614088033505
3,15,A,0
3,15,B,0.3460068322651
3,15,AB,0
3,16,U,0.590354100395811
3,16,S,0.0483772897837572
3,16,A,0
3,16,B,0.361268609817785
3,16,AB,0
3,17,U,0.57704072226198
3,17,S,0.0482148348949249
3,17,A,0
3,17,B,0.374744442840578
3,17,AB,0
3,18,U,0.565356322012933
3,18,S,0.0480719657473412
3,18,A,0
3,18,B,0.386571712237486
3,18,AB,0
3,19,U,0.555177508364205
3,19,S,0.0479472165627826
3,19,A,0
3,19,B,0.396875275071059
3,19,AB,0
3,20,U,0.546348226856221
3,20,S,0.0478388540036176
3,20,A,0
3,20,B,0.405812919138244
3,20,AB,0
3,21,U,0.538706006634154
3,21,S,0.0477449016647634
3,21,A,0
3,21,B,0.413549091698883
3,21,AB,0
3,22,U,0.532143697214356
3,22,S,0.0476642929695154
3,22,A,0
3,22,B,0.420192009813494
3,22,AB,0
3,23,U,0.526500653489915
3,23,S,0.0475952005436849
3,23,A,0
3,23,B,0.425904145963169
3,23,AB,0
3,24,U,0.521698553363286
3,24,S,0.0475365201773008
3,24,A,0
3,24,B,0.430764926455706
3,24,AB,0
3,25,U,0.517617838412222
3,25,S,0.0474868980614804
3,25,A,0
3,25,B,0.43489526352242
3,25,AB,0
3,26,U,0.514175324509232
3,26,S,0.0474451419885538
3,26,A,0
3,26,B,0.438379533498472
3,26,AB,0
3,27,U,0.511289118210858
3,27,S,0.0474101720097938
3,27,A,0
3,27,B,0.441300709776237
3,27,AB,0
3,28,U,0.508847895810516
3,28,S,0.0473808234669902
3,28,A,0
3,28,B,0.443771280719919
3,28,AB,0
3,29,U,0.506802728514905
3,29,S,0.0473562203276442
3,29,A,0
3,29,B,0.445841051155591
3,29,AB,0
3,30,U,0.50509656408183
3,30,S,0.0473355014281839
3,30,A,0
3,30,B,0.447567934488972
3,30,AB,0
3,31,U,0.503677773177229
3,31,S,0.0473179493223919
3,31,A,0
3,31,B,0.449004277500275
3,31,AB,0
3,32,U,0.502477290694767
3,32,S,0.0473032974759726
3,32,A,0
3,32,B,0.450219411830058
3,32,AB,0
3,33,U,0.501469872047414
3,33,S,0.047290907051928
3,33,A,0
3,33,B,0.451239220902239
3,33,AB,0
3,34,U,0.5006260097035
3,34,S,0.0472804130974172
3,34,A,0
3,34,B,0.452093577201203
3,34,AB,0
3,35,U,0.49991638017336
3,35,S,0.0472714736233702
3,35,A,0
3,35,B,0.452812146205626
3,35,AB,0
3,36,U,0.499295739097118
3,36,S,0.0472636049844279
3,36,A,0
3,36,B,0.453440655920919
3,36,AB,0
3,37,U,0.498760800751089
3,37,S,0.0472567735076101
3,37,A,0
3,37,B,0.453982425743548
3,37,AB,0
3,38,U,0.498301804941757
3,38,S,0.0472509004221988
3,38,A,0
3,38,B,0.454447294637686
3,38,AB,0
3,39,U,0.497915855655516
3,39,S,0.0472460285304373
3,39,A,0
3,39,B,0.454838115814753
3,39,AB,0
3,40,U,0.497608405055295
3,40,S,0.0472424674848154
3,40,A,0
3,40,B,0.455149127460049
3,40,AB,0
4,0,U,0.127659574468085
4,0,S,0.872340425531915
4,0,A,0
4,0,B,0
4,0,AB,0
4,1,U,0.997340425531915
4,1,S,0
4,1,A,0
4,1,B,0
4,1,AB,0.00265957446808511
4,2,U,0.996137380137259
4,2,S,0.00137336423683433
4,2,A,0
4,2,B,0
4,2,AB,0.00248925564578555
4,3,U,0.995766335528759
4,3,S,0.00167042263343242
4,3,A,0
4,3,B,0
4,3,AB,0.00256324181754731
4,4,U,0.995593279140355
4,4,S,0.00173532778229793
4,4,A,0
4,4,B,0
4,4,AB,0.00267139302171319
4,5,U,0.99547876717461
4,5,S,0.00174961464684412
4,5,A,0
4,5,B,0
4,5,AB,0.00277161808547812
4,6,U,0.995389942718287
4,6,S,0.00175272053849556
4,6,A,0
4,6,B,0
4,6,AB,0.00285733664374696
4,7,U,0.995317363843214
4,7,S,0.00175342098553363
4,7,A,0
4,7,B,0
4,7,AB,0.00292921507423238
4,8,U,0.995257109326713
4,8,S,0.00175373207273576
4,8,A,0
4,8,B,0
4,8,AB,0.00298915849024946
4,9,U,0.995207035431393
4,9,S,0.00175382165096963
4,9,A,0
4,9,B,0
4,9,AB,0.00303914281221741
4,10,U,0.995165709836986
4,10,S,0.00175382595866914
4,10,A,0
4,10,B,0
4,10,AB,0.00308046410239775
4,11,U,0.995131390559244
4,11,S,0.00175379354206722
4,11,A,0
4,11,B,0
4,11,AB,0.0031148158067799
4,12,U,0.995102694501799
4,12,S,0.00175375724173527
4,12,A,0
4,12,B,0
4,12,AB,0.00314354818307415
4,13,U,0.995079168504674
4,13,S,0.00175371821265719
4,13,A,0
4,13,B,0
4,13,AB,0.00316711322195703
4,14,U,0.995059140253338
4,14,S,0.00175373391389322
4,14,A,0
4,14,B,0
4,14,AB,0.00318712578274238
4,15,U,0.995042540261618
4,15,S,0.00175375230134735
4,15,A,0
4,15,B,0
4,15,AB,0.00320370739444061
4,16,U,0.995028693413068
4,16,S,0.00175376704889729
4,16,A,0
4,16,B,0
4,16,AB,0.00321753949799369
4,17,U,0.995016776625152
4,17,S,0.00175379227647938
4,17,A,0
4,17,B,0
4,17,AB,0.00322943105572853
4,18,U,0.995007086790193
4,18,S,0.00175380375489578
4,18,A,0
4,18,B,0
4,18,AB,0.00323910941213526
4,19,U,0.994998829166763
4,19,S,0.00175380427626595
4,19,A,0
4,19,B,0
4,19,AB,0.00324736651483631
4,20,U,0.994991922923553
4,20,S,0.00175380019290466
4,20,A,0
4,20,B,0
4,20,AB,0.00325427684341263
4,21,U,0.994986225637036
4,21,S,0.00175379591012002
4,21,A,0
4,21,B,0
4,21,AB,0.00325997841676805
4,22,U,0.994981399725347
4,22,S,0.00175378879655045
4,22,A,0
4,22,B,0
4,22,AB,0.00326481144862333
4,23,U,0.994977628876431
4,23,S,0.00175378457480369
4,23,A,0
4,23,B,0
4,23,AB,0.00326858652339291
4,24,U,0.994974495438375
4,24,S,0.00175378172952634
4,24,A,0
4,24,B,0
4,24,AB,0.00327172281107387
4,25,U,0.994971796784215
4,25,S,0.00175378133348917
4,25,A,0
4,25,B,0
4,25,AB,0.00327442186581359
4,26,U,0.994969458274483
4,26,S,0.00175378298522003
4,26,A,0
4,26,B,0
4,26,AB,0.00327675872823017
4,27,U,0.994967702729692
4,27,S,0.00175378285690993
4,27,A,0
4,27,B,0
4,27,AB,0.0032785144046582
4,28,U,0.994966196544515
4,28,S,0.00175378353002331
4,28,A,0
4,28,B,0
4,28,AB,0.00328001991919617
4,29,U,0.994964819630339
4,29,S,0.00175378512660076
4,29,A,0
4,29,B,0
4,29,AB,0.00328139523819469
4,30,U,0.994963618684635
4,30,S,0.00175378692376119
4,30,A,0
4,30,B,0
4,30,AB,0.00328259438748456
4,31,U,0.994962717950413
4,31,S,0.00175378780578558
4,31,A,0
4,31,B,0
4,31,AB,0.0032834942404989
4,32,U,0.994961924200019
4,32,S,0.00175378826522959
4,32,A,0
4,32,B,0
4,32,AB,0.00328428753183086
4,33,U,0.994961181306539
4,33,S,0.0017537881001102
4,33,A,0
4,33,B,0
4,33,AB,0.00328503059040003
4,34,U,0.994960558571046
4,34,S,0.00175378784414469
4,34,A,0
4,34,B,0
4,34,AB,0.00328565358175215
4,35,U,0.994960075390519
4,35,S,0.00175378773833691
4,35,A,0
4,35,B,0
4,35,AB,0.00328613686811401
4,36,U,0.994959655414569
4,36,S,0.00175378746208265
4,36,A,0
4,36,B,0
4,36,AB,0.00328655712045327
4,37,U,0.99495927567837
4,37,S,0.00175378700791175
4,37,A,0
4,37,B,0
4,37,AB,0.00328693731117439
4,38,U,0.994958974088731
4,38,S,0.00175378667040416
4,38,A,0
4,38,B,0
4,38,AB,0.00328723923858546
4,39,U,0.994958733886123
4,39,S,0.00175378647288094
4,39,A,0
4,39,B,0
4,39,AB,0.00328747963895945
4,40,U,0.994958532328748
4,40,S,0.0017537864089786
4,40,A,0
4,40,B,0
4,40,AB,0.00328768126056361
4,41,U,0.994958358436196
4,41,S,0.00175378653069467
4,41,A,0
4,41,B,0
4,41,AB,0.00328785503183589
4,42,U,0.994958194710512
4,42,S,0.00175378651917258
4,42,A,0
4,42,B,0
4,42,AB,0.00328801876927704
4,43,U,0.994958061137556
4,43,S,0.00175378652251186
4,43,A,0
4,43,B,0
4,43,AB,0.00328815233909215
4,44,U,0.994957958560764
4,44,S,0.00175378655542131
4,44,A,0
4,44,B,0
4,44,AB,0.00328825488315228
4,45,U,0.994957886980135
4,45,S,0.00175378661790092
4,45,A,0
4,45,B,0
4,45,AB,0.0032883264014574
4,46,U,0.99495784639567
4,46,S,0.0017537867099507
4,46,A,0
4,46,B,0
4,46,AB,0.00328836689400754
4,47,U,0.994957791979454
4,47,S,0.00175378674767616
4,47,A,0
4,47,B,0
4,47,AB,0.00328842127260484
4,48,U,0.994957744036906
4,48,S,0.00175378676907847
4,48,A,0
4,48,B,0
4,48,AB,0.00328846919383466
4,49,U,0.994957709295431
4,49,S,0.00175378678674781
4,49,A,0
4,49,B,0
4,49,AB,0.00328850391769987
4,50,U,0.994957687755031
4,50,S,0.00175378680068419
4,50,A,0
4,50,B,0
4,50,AB,0.00328852544420048
4,51,U,0.994957679415704
4,51,S,0.0017537868108876
4,51,A,0
4,51,B,0
4,51,AB,0.00328853377333648
4,52,U,0.994957673560436
4,52,S,0.00175378680494151
4,52,A,0
4,52,B,0
4,52,AB,0.00328853963455671
5,0,U,0.127659574468085
5,0,S,0.872340425531915
5,0,A,0
5,0,B,0
5,0,AB,0
5,1,U,0.856382978723404
5,1,S,0.0132978723404255
5,1,A,0.13031914893617
5,1,B,0
5,1,AB,0
5,2,U,0.74783196033631
5,2,S,0.0670353444460226
5,2,A,0.185132695223267
5,2,B,0
5,2,AB,0
5,3,U,0.773712006856483
5,3,S,0.0646806510998174
5,3,A,0.148115854371787
5,3,B,0.0132744653750062
5,3,AB,2.17022628722521e-4
5,4,U,0.841797921549325
5,4,S,0.0559252061395505
5,4,A,0.0640726249300404
5,4,B,0.0377993278072332
5,4,AB,4.04920197318951e-4
5,5,U,0.815009483976597
5,5,S,0.0697279187671905
5,5,A,0.0755769204855029
5,5,B,0.0382051056355456
5,5,AB,0.00148057154985304
5,6,U,0.736677939578182
5,6,S,0.0799041690366149
5,6,A,0.158866166233894
5,6,B,0.0219342675404013
5,6,AB,0.002617458924246
5,7,U,0.763666646128014
5,7,S,0.0680466028392854
5,7,A,0.134217653878913
5,7,B,0.0312647560954184
5,7,AB,0.00280434228101436
5,8,U,0.825185842923969
5,8,S,0.0567132948958675
5,8,A,0.0576667234308145
5,8,B,0.0578970451212499
5,8,AB,0.00253709461100586
5,9,U,0.800942904018038
5,9,S,0.0699630061739203
5,9,A,0.0712383228776879
5,9,B,0.0541509265332814
5,9,AB,0.00370484096411201
5,10,U,0.729354193115827
5,10,S,0.0800185150099793
5,10,A,0.154456582756485
5,10,B,0.0311232971839883
5,10,AB,0.00504741177867078
5,11,U,0.75836767170531
5,11,S,0.0678424400210344
5,11,A,0.130215710787169
5,11,B,0.0385722466693114
5,11,AB,0.00500193139791261
5,12,U,0.817667209743401
5,12,S,0.0565653028061813
5,12,A,0.0557886807862423
5,12,B,0.0656193627635117
5,12,AB,0.00435944416803743
5,13,U,0.794687121608866
5,13,S,0.0698897277476182
5,13,A,0.0697960652132794
5,13,B,0.0602369792128791
5,13,AB,0.00539010635164279
5,14,U,0.72579077800444
5,14,S,0.0800214108358935
5,14,A,0.152882544269813
5,14,B,0.0346350828559383
5,14,AB,0.00667018329207264
5,15,U,0.755391399506827
5,15,S,0.06783726803475
5,15,A,0.129005793073092
5,15,B,0.0413480630269059
5,15,AB,0.00641747632527946
5,16,U,0.81394791571154
5,16,S,0.0566048501418614
5,16,A,0.0553896952976085
5,16,B,0.068522737397059
5,16,AB,0.00553480222484575
5,17,U,0.791621230063224
5,17,S,0.0699096232241726
5,17,A,0.0695614176224256
5,17,B,0.0624734352094825
5,17,AB,0.00643429431096108
5,18,U,0.723808734708937
5,18,S,0.0800229056975663
5,18,A,0.152624025800258
5,18,B,0.0359251036627224
5,18,AB,0.00761923008335013
5,19,U,0.753347445863906
5,19,S,0.0678794289124903
5,19,A,0.12933825990852
5,19,B,0.0421995410748603
5,19,AB,0.00723532496931499
5,20,U,0.812457858852543
5,20,S,0.0565342109477896
5,20,A,0.0553432862726198
5,20,B,0.0694485087594285
5,20,AB,0.0062161355453171
5,21,U,0.790301317957329
5,21,S,0.0698335654951356
5,21,A,0.0696723135390454
5,21,B,0.0631741700877723
5,21,AB,0.00701863382790119
5,22,U,0.722867242396032
5,22,S,0.0799738741824865
5,22,A,0.152698764854519
5,22,B,0.0363302604460413
5,22,AB,0.00812985916121297
5,23,U,0.751420199792867
5,23,S,0.0680790905143105
5,23,A,0.130517463943297
5,23,B,0.0423121430988776
5,23,AB,0.0076711045015568
5,24,U,0.811338071660531
5,24,S,0.0566009042912127
5,24,A,0.0558782505718776
5,24,B,0.0696023481513919
5,24,AB,0.00658042681191137
5,25,U,0.789455050146792
5,25,S,0.0699117228985573
5,25,A,0.0700628092597795
5,25,B,0.0632399398788315
5,25,AB,0.0073304791110518
5,26,U,0.722115633790603
5,26,S,0.0800142074964125
5,26,A,0.153115490177287
5,26,B,0.0363633551921326
5,26,AB,0.00839131532507316
5,27,U,0.752505464568948
5,27,S,0.0678004912093776
5,27,A,0.129147819590698
5,27,B,0.0426632991594197
5,27,AB,0.00788292742219747
5,28,U,0.811570008474914
5,28,S,0.0565066572988062
5,28,A,0.0552563281308169
5,28,B,0.0699123985069119
5,28,AB,0.00675460895900703
5,29,U,0.789572949747127
5,29,S,0.0698994984392879
5,29,A,0.0695534552729568
5,29,B,0.0634929107347953
5,29,AB,0.00748118701041921
5,30,U,0.722362948890888
5,30,S,0.0800085113720259
5,30,A,0.152587959879377
5,30,B,0.036514619901793
5,30,AB,0.00852596161201286
5,31,U,0.751649552589192
5,31,S,0.0679997572931482
5,31,A,0.129701459994358
5,31,B,0.042649572807862
5,31,AB,0.00799965960570757
5,32,U,0.811111115501011
5,32,S,0.0565745895339908
5,32,A,0.0555247230955061
5,32,B,0.0699370601712521
5,32,AB,0.00685251355152153
5,33,U,0.78923415081219
5,33,S,0.069925210429647
5,33,A,0.0697671332568968
5,33,B,0.0635095723721668
5,33,AB,0.00756393435755963
5,34,U,0.722055173276479
5,34,S,0.0800242965141658
5,34,A,0.15280694745155
5,34,B,0.0365177418812254
5,34,AB,0.00859584137355164
5,35,U,0.751735516167608
5,35,S,0.0679586301799388
5,35,A,0.129508810813101
5,35,B,0.042741281590212
5,35,AB,0.00805576268546783
5,36,U,0.811072375179491
5,36,S,0.0565621188854209
5,36,A,0.0554426080611606
5,36,B,0.0700240136762223
5,36,AB,0.00689888535871643
5,37,U,0.789310521419155
5,37,S,0.0698045680203623
5,37,A,0.0695853667602506
5,37,B,0.0637036466195617
5,37,AB,0.00759589906299943
5,38,U,0.722192785512569
5,38,S,0.079961677950332
5,38,A,0.152580619618072
5,38,B,0.0366360153614225
5,38,AB,0.00862890338675943
5,39,U,0.752741636689423
5,39,S,0.0677705341534418
5,39,A,0.128425427441976
5,39,B,0.0429797431286472
5,39,AB,0.00808266149062149
5,40,U,0.811253453073374
5,40,S,0.0565463449955112
5,40,A,0.0550611080825267
5,40,B,0.0702196818789215
5,40,AB,0.00691941496203321
5,41,U,0.789215955504848
5,41,S,0.0699370050009499
5,41,A,0.0695576373745575
5,41,B,0.0636610236085279
5,41,AB,0.00762838122428704
5,42,U,0.722113969155182
5,42,S,0.0800333044690714
5,42,A,0.152592391072188
5,42,B,0.0366050057553722
5,42,AB,0.00865533077887648
5,43,U,0.752065206656908
5,43,S,0.0678734887747296
5,43,A,0.129199589984617
5,43,B,0.0427524645323364
5,43,AB,0.00810925157592481
5,44,U,0.811092264583595
5,44,S,0.056573921930323
5,44,A,0.0553876735432598
5,44,B,0.0700033947511719
5,44,AB,0.00694274693377695
5,45,U,0.789165788757926
5,45,S,0.0699334672570834
5,45,A,0.0697404866394803
5,45,B,0.0635181312460441
5,45,AB,0.00764212788036076
5,46,U,0.722005499756201
5,46,S,0.0800158216106601
5,46,A,0.152791209416628
5,46,B,0.0365269060356058
5,46,AB,0.00866056539619671
5,47,U,0.752574340473234
5,47,S,0.0677958772945822
5,47,A,0.128644921472677
5,47,B,0.0428772479349605
5,47,AB,0.00810761530935074
5,48,U,0.811169373481291
5,48,S,0.0565743302974985
5,48,A,0.0552058343608223
5,48,B,0.0701100868460004
5,48,AB,0.00694037783250163
5,49,U,0.789052843883696
5,49,S,0.0698940139883979
5,49,A,0.0698495133131855
5,49,B,0.0635623555563585
5,49,AB,0.00764127644241682
5,50,U,0.721912569079322
5,50,S,0.0799769812141669
5,50,A,0.152897402619125
5,50,B,0.0365517292981347
5,50,AB,0.00866132072669626
5,51,U,0.752471530033988
5,51,S,0.0677870694416995
5,51,A,0.12875054870278
5,51,B,0.0428818647323774
5,51,AB,0.0081089909346344791
5,52,U,0.811242717452803
5,52,S,0.056530510048749
5,52,A,0.055158740522999
5,52,B,0.0701260652290119
5,52,AB,0.00694197040124285
6,0,U,0.127659574468085
6,0,S,0.872340425531915
6,0,A,0
6,0,B,0
6,0,AB,0
6,1,U,0.88031914893617
6,1,S,0.0265957446808511
6,1,A,0.0797872340425532
6,1,B,0.0132978723404255
6,1,AB,0
6,2,U,0.848554275639805
6,2,S,0.0584978380209752
6,2,A,0.0740740621125056
6,2,B,0.0184177907014518
6,2,AB,4.56033502977325e-4
6,3,U,0.829868924219703
6,3,S,0.0667021151774527
6,3,A,0.0770868424696373
6,3,B,0.0253531024483763
6,3,AB,9.89015717260084e-4
6,4,U,0.817242113461655
6,4,S,0.0687803861037575
6,4,A,0.0808118071100161
6,4,B,0.0315706516250548
6,4,AB,0.00159504173666402
6,5,U,0.808141596800626
6,5,S,0.0692725363554373
6,5,A,0.0836919013282814
6,5,B,0.0366565204775598
6,5,AB,0.00223744506895802
6,6,U,0.801386567862927
6,6,S,0.0693614113263146
6,6,A,0.0856696220158196
6,6,B,0.0406996606965878
6,6,AB,0.00288273808665926
6,7,U,0.796286315960076
6,7,S,0.0693655602708765
6,7,A,0.086960772476535
6,7,B,0.0438806674891805
6,7,AB,0.00350668369568737
6,8,U,0.792404990195059
6,8,S,0.0693447993946512
6,8,A,0.0877823669706003
6,8,B,0.0463736663854285
6,8,AB,0.00409417687421723
6,9,U,0.789428595501112
6,9,S,0.0693211660230793
6,9,A,0.0882910233558965
6,9,B,0.0483227670727055
6,9,AB,0.00463644785198789
6,10,U,0.787129221860294
6,10,S,0.0693020949304413
6,10,A,0.088595787429842
6,10,B,0.0498436666121869
6,10,AB,0.00512922866528062
6,11,U,0.785327737018769
6,11,S,0.0692898153130236
6,11,A,0.08877799869885
6,11,B,0.0510335773668833
6,11,AB,0.00557087057717368
6,12,U,0.783905973286456
6,12,S,0.069281153870843007
6,12,A,0.0888843187332111
6,12,B,0.051965666628793
6,12,AB,0.00596288593576702
6,13,U,0.782781673803928
6,13,S,0.0692737959616433
6,13,A,0.0889411621712725
6,13,B,0.0526949164321447
6,13,AB,0.00630844980830877
6,14,U,0.781891181315973
6,14,S,0.0692676847896832
6,14,A,0.0889658925289289
6,14,B,0.0532639936750855
6,14,AB,0.00661124585708259
6,15,U,0.781195475248798
6,15,S,0.0692632162210229
6,15,A,0.088966457297401
6,15,B,0.0536996331803228
6,15,AB,0.00687521632255329
6,16,U,0.780628818056922
6,16,S,0.0692596458559468
6,16,A,0.0889618842104718
6,16,B,0.0540457803678189
6,16,AB,0.00710387005274735
6,17,U,0.780185562242664
6,17,S,0.0692568717992762
6,17,A,0.0889481808298553
6,17,B,0.0543082232532295
6,17,AB,0.00730116067525665
6,18,U,0.779816463989523
6,18,S,0.0692545352918857
6,18,A,0.0889377348434207
6,18,B,0.0545204647643493
6,18,AB,0.00747080011797508
6,19,U,0.779525258501047
6,19,S,0.0692528377175426
6,19,A,0.088924713217557
6,19,B,0.0546812139036031
6,19,AB,0.00761597591231697
6,20,U,0.779281473422474
6,20,S,0.069251575789547
6,20,A,0.0889147556104231
6,20,B,0.054811838645465
6,20,AB,0.00774035602385308
6,21,U,0.779086543767583
6,21,S,0.0692506875342987
6,21,A,0.0889049644949504
6,21,B,0.054911621665392
6,21,AB,0.0078461823130092
6,22,U,0.778924964998732
6,22,S,0.0692500825815482
6,22,A,0.0888965474323178
6,22,B,0.0549917582420085
6,22,AB,0.0079366468537684
6,23,U,0.778794795507585
6,23,S,0.069249659715448
6,23,A,0.0888889465998356
6,23,B,0.0550532718111243
6,23,AB,0.00801332681562561
6,24,U,0.778687889072418
6,24,S,0.0692493284751547
6,24,A,0.0888821504124435
6,24,B,0.055101947999109
6,24,AB,0.00807868483405329
6,25,U,0.778604548293993
6,25,S,0.0692491341865063
6,25,A,0.0888762764208967
6,25,B,0.0551369411922311
6,25,AB,0.00813310093780267
6,26,U,0.778537625772647
6,26,S,0.0692489882792014
6,26,A,0.0888712338462875
6,26,B,0.0551632716352163
6,26,AB,0.00817888161886717
6,27,U,0.778480745916433
6,27,S,0.0692488149996531
6,27,A,0.0888669464575528
6,27,B,0.0551853532621793
6,27,AB,0.00821814049810578
6,28,U,0.778434111663525
6,28,S,0.0692486391836739
6,28,A,0.0888633256931201
6,28,B,0.0552026490673311
6,28,AB,0.00825127560005877
6,29,U,0.778398658865988
6,29,S,0.0692484967325887
6,29,A,0.0888602793941614
6,29,B,0.0552140739995226
6,29,AB,0.00827849264607824
6,30,U,0.778367955622366
6,30,S,0.0692483123095976
6,30,A,0.088857751563935
6,30,B,0.0552240523357336
6,30,AB,0.00830193052115743
6,31,U,0.778340130414128
6,31,S,0.0692480881857988
6,31,A,0.0888556706473228
6,31,B,0.0552336598402889
6,31,AB,0.00832245425022792
6,32,U,0.778319844258701
6,32,S,0.0692479679788622
6,32,A,0.0888539663250348
6,32,B,0.0552393878995067
6,32,AB,0.0083388376886718
6,33,U,0.778302243377619
6,33,S,0.0692478894317729
6,33,A,0.0888525664777678
6,33,B,0.0552444051566393
6,33,AB,0.00835290053066425
6,34,U,0.778285787010931
6,34,S,0.0692478619723579
6,34,A,0.0888513996129769
6,34,B,0.0552495552575267
6,34,AB,0.00836540192001047
6,35,U,0.778273023843585
6,35,S,0.0692478477773558
6,35,A,0.0888504809342505
6,35,B,0.0552531269683552
6,35,AB,0.00837552686727435
6,36,U,0.778262513468191
6,36,S,0.06924785511508
6,36,A,0.0888497410765157
6,36,B,0.0552559012397272
6,36,AB,0.00838399588796116
6,37,U,0.7782531898006
6,37,S,0.0692478879287627
6,37,A,0.088849118610343
6,37,B,0.0552584251638958
6,37,AB,0.00839138541086702
6,38,U,0.778245273346599
6,38,S,0.0692479289575987
6,38,A,0.088848611851463
6,38,B,0.0552605355607472
6,38,AB,0.00839765712495898
6,39,U,0.778239099607534
6,39,S,0.0692479587684532
6,39,A,0.0888482258752084
6,39,B,0.0552620098548474
6,39,AB,0.00840271254920626
6,40,U,0.778233889051266
6,40,S,0.0692479789917888
6,40,A,0.0888479002136587
6,40,B,0.055263201386672
6,40,AB,0.00840703663000809
6,41,U,0.778229502452738
6,41,S,0.0692479889905657
6,41,A,0.0888476228738997
6,41,B,0.0552641580131049
6,41,AB,0.00841073340148387
6,42,U,0.778226399427091
6,42,S,0.0692480151886003
6,42,A,0.0888474593749122
6,42,B,0.0552647168191902
6,42,AB,0.00841341443063729
6,43,U,0.778223914785787
6,43,S,0.0692480331812061
6,43,A,0.0888473296448077
6,43,B,0.0552651107834704
6,43,AB,0.00841561628721171
6,44,U,0.778221840566431
6,44,S,0.0692480392251872
6,44,A,0.088847212793538
6,44,B,0.0552654119560872
6,44,AB,0.0084174995327255
6,45,U,0.778219968806628
6,45,S,0.0692480295773474
6,45,A,0.0888470879310549
6,45,B,0.0552656923871822
6,45,AB,0.00841922472869703
6,46,U,0.778218175231085
6,46,S,0.0692480039761855
6,46,A,0.0888469445452063
6,46,B,0.0552659926747803
6,46,AB,0.00842088635791566
6,47,U,0.778217234292877
6,47,S,0.0692479995506454
6,47,A,0.0888468835736297
6,47,B,0.0552660156478886
6,47,AB,0.00842186927375628
6,48,U,0.778216468877
6,48,S,0.0692479930390363
6,48,A,0.0888468259474529
6,48,B,0.0552660096782399
6,48,AB,0.00842270447724131
6,49,U,0.778215767343674
6,49,S,0.0692479847055415
6,49,A,0.0888467627214329
6,49,B,0.0552660106150542
6,49,AB,0.00842347647424934
6,50,U,0.778215018053119
6,50,S,0.069247974814344
6,50,A,0.0888466849503265
6,50,B,0.0552660543075518
6,50,AB,0.00842426977065894
6,51,U,0.778214109365556
6,51,S,0.0692479636296272
6,51,A,0.088846583688890493
6,51,B,0.0552661766049529
6,51,AB,0.00842516887234868
6,52,U,0.778213281464065
6,52,S,0.0692479679146076
6,52,A,0.088846505002837
6,52,B,0.0552663204770013
6,52,AB,0.008425927279044
